MSBuild location is 'C:\Program Files\dotnet\sdk\9.0.305'
Loading project 'D:\PROJECTS\NOOR CANVAS\SPA\NoorCanvas\NoorCanvas.csproj'...
  Resolve   00:00.44  NoorCanvas.csproj (net8.0)
Analyze 'NoorCanvas'
Loaded analyzer assembly 'Microsoft.AspNetCore.Analyzers, Version=9.0.9.0, Culture=neutral, PublicKeyToken=adb9793829ddae60'
Loaded analyzer assembly 'Microsoft.AspNetCore.Mvc.Analyzers, Version=9.0.9.0, Culture=neutral, PublicKeyToken=adb9793829ddae60'
Loaded analyzer assembly 'Microsoft.CodeAnalysis.Analyzers, Version=3.3.5.2003, Culture=neutral, PublicKeyToken=31bf3856ad364e35'
Loaded analyzer assembly 'Microsoft.CodeAnalysis.CSharp.Analyzers, Version=3.3.5.2003, Culture=neutral, PublicKeyToken=31bf3856ad364e35'
Loaded analyzer assembly 'Microsoft.CodeAnalysis.CSharp.NetAnalyzers, Version=8.0.9.2502, Culture=neutral, PublicKeyToken=31bf3856ad364e35'
Loaded analyzer assembly 'Microsoft.CodeAnalysis.NetAnalyzers, Version=8.0.9.2502, Culture=neutral, PublicKeyToken=31bf3856ad364e35'
Loaded analyzer assembly 'Microsoft.EntityFrameworkCore.Analyzers, Version=8.0.0.0, Culture=neutral, PublicKeyToken=adb9793829ddae60'
Loaded analyzer assembly 'MudBlazor.Analyzers, Version=8.13.0.0, Culture=neutral, PublicKeyToken=null'
Loaded analyzer assembly 'Roslynator.CSharp.Analyzers.CodeFixes, Version=4.12.4.0, Culture=neutral, PublicKeyToken=926ea54d246a765e'
Loaded analyzer assembly 'Roslynator.CSharp.Analyzers, Version=4.12.4.0, Culture=neutral, PublicKeyToken=926ea54d246a765e'
Loaded analyzer assembly 'StyleCop.Analyzers.CodeFixes, Version=1.2.0.507, Culture=neutral, PublicKeyToken=cfeb5dbada5e1c25'
Loaded analyzer assembly 'StyleCop.Analyzers, Version=1.2.0.507, Culture=neutral, PublicKeyToken=cfeb5dbada5e1c25'
Loaded analyzer assembly 'Microsoft.Interop.ComInterfaceGenerator, Version=8.0.12.41914, Culture=neutral, PublicKeyToken=b03f5f7f11d50a3a'
Loaded analyzer assembly 'Microsoft.Interop.LibraryImportGenerator, Version=8.0.12.41914, Culture=neutral, PublicKeyToken=b03f5f7f11d50a3a'
Loaded analyzer assembly 'System.Text.RegularExpressions.Generator, Version=8.0.12.41914, Culture=neutral, PublicKeyToken=b03f5f7f11d50a3a'
Loaded analyzer assembly 'Microsoft.AspNetCore.App.Analyzers, Version=8.0.20.0, Culture=neutral, PublicKeyToken=adb9793829ddae60'
Loaded analyzer assembly 'Microsoft.AspNetCore.App.CodeFixes, Version=8.0.20.0, Culture=neutral, PublicKeyToken=adb9793829ddae60'
Loaded analyzer assembly 'Microsoft.AspNetCore.Components.Analyzers, Version=8.0.20.0, Culture=neutral, PublicKeyToken=adb9793829ddae60'
  Services\DialogService.cs(50,108): error CS0019: Operator '!=' cannot be applied to operands of type 'AlertDialog?' and '<null>'
  Services\DialogService.cs(52,17): error CS0019: Operator '==' cannot be applied to operands of type 'AlertDialog?' and '<null>'
  Services\DialogService.cs(113,17): error CS0019: Operator '==' cannot be applied to operands of type 'ConfirmDialog?' and '<null>'
  Services\DialogService.cs(48,111): error CS0103: The name 'AlertDialog' does not exist in the current context
  Services\DialogService.cs(68,25): error CS0103: The name 'AlertDialog' does not exist in the current context
  Services\DialogService.cs(69,25): error CS0103: The name 'AlertDialog' does not exist in the current context
  Services\DialogService.cs(70,25): error CS0103: The name 'AlertDialog' does not exist in the current context
  Services\DialogService.cs(98,50): error CS0103: The name 'AlertDialog' does not exist in the current context
  Services\DialogService.cs(103,50): error CS0103: The name 'AlertDialog' does not exist in the current context
  Services\DialogService.cs(108,50): error CS0103: The name 'AlertDialog' does not exist in the current context
  Services\DialogService.cs(111,137): error CS0103: The name 'ConfirmDialog' does not exist in the current context
  Services\DialogService.cs(121,59): error CS0103: The name 'ConfirmDialog' does not exist in the current context
  Services\DialogService.cs(126,59): error CS0103: The name 'ConfirmDialog' does not exist in the current context
  Services\DialogService.cs(3,18): error CS0234: The type or namespace name 'Components' does not exist in the namespace 'NoorCanvas' (are you missing an assembly reference?)
  Services\DialogService.cs(12,17): error CS0246: The type or namespace name 'AlertDialog' could not be found (are you missing a using directive or an assembly reference?)
  Services\DialogService.cs(13,17): error CS0246: The type or namespace name 'ConfirmDialog' could not be found (are you missing a using directive or an assembly reference?)
  Services\DialogService.cs(21,47): error CS0246: The type or namespace name 'AlertDialog' could not be found (are you missing a using directive or an assembly reference?)
  Services\DialogService.cs(42,43): error CS0246: The type or namespace name 'ConfirmDialog' could not be found (are you missing a using directive or an assembly reference?)
  Services\DialogService.cs(48,82): error CS0246: The type or namespace name 'AlertDialog' could not be found (are you missing a using directive or an assembly reference?)
  Services\DialogService.cs(111,99): error CS0246: The type or namespace name 'ConfirmDialog' could not be found (are you missing a using directive or an assembly reference?)
  Services\DialogService.cs(59,41): error CS1061: 'AlertDialog?' does not contain a definition for 'ShowAsync' and no accessible extension method 'ShowAsync' accepting a first argument of type 'AlertDialog?' could be found (are you missing a using directive or an assembly reference?)
  Services\DialogService.cs(93,32): error CS1061: 'AlertDialog?' does not contain a definition for 'ShowAsync' and no accessible extension method 'ShowAsync' accepting a first argument of type 'AlertDialog?' could be found (are you missing a using directive or an assembly reference?)
  Services\DialogService.cs(116,41): error CS1061: 'ConfirmDialog?' does not contain a definition for 'ShowConfirmAsync' and no accessible extension method 'ShowConfirmAsync' accepting a first argument of type 'ConfirmDialog?' could be found (are you missing a using directive or an assembly reference?)
  Data\CanvasDbContext.cs(8,12): warning CS8618: Non-nullable property 'Sessions' must contain a non-null value when exiting constructor. Consider adding the 'required' modifier or declaring the property as nullable.
  Data\CanvasDbContext.cs(8,12): warning CS8618: Non-nullable property 'SessionLinks' must contain a non-null value when exiting constructor. Consider adding the 'required' modifier or declaring the property as nullable.
  Data\CanvasDbContext.cs(8,12): warning CS8618: Non-nullable property 'HostSessions' must contain a non-null value when exiting constructor. Consider adding the 'required' modifier or declaring the property as nullable.
  Data\CanvasDbContext.cs(8,12): warning CS8618: Non-nullable property 'AdminSessions' must contain a non-null value when exiting constructor. Consider adding the 'required' modifier or declaring the property as nullable.
  Data\CanvasDbContext.cs(8,12): warning CS8618: Non-nullable property 'Users' must contain a non-null value when exiting constructor. Consider adding the 'required' modifier or declaring the property as nullable.
  Data\CanvasDbContext.cs(8,12): warning CS8618: Non-nullable property 'Registrations' must contain a non-null value when exiting constructor. Consider adding the 'required' modifier or declaring the property as nullable.
  Data\CanvasDbContext.cs(8,12): warning CS8618: Non-nullable property 'SharedAssets' must contain a non-null value when exiting constructor. Consider adding the 'required' modifier or declaring the property as nullable.
  Data\CanvasDbContext.cs(8,12): warning CS8618: Non-nullable property 'Annotations' must contain a non-null value when exiting constructor. Consider adding the 'required' modifier or declaring the property as nullable.
  Data\CanvasDbContext.cs(8,12): warning CS8618: Non-nullable property 'Questions' must contain a non-null value when exiting constructor. Consider adding the 'required' modifier or declaring the property as nullable.
  Data\CanvasDbContext.cs(8,12): warning CS8618: Non-nullable property 'QuestionAnswers' must contain a non-null value when exiting constructor. Consider adding the 'required' modifier or declaring the property as nullable.
  Data\CanvasDbContext.cs(8,12): warning CS8618: Non-nullable property 'QuestionVotes' must contain a non-null value when exiting constructor. Consider adding the 'required' modifier or declaring the property as nullable.
  Data\CanvasDbContext.cs(8,12): warning CS8618: Non-nullable property 'AuditLogs' must contain a non-null value when exiting constructor. Consider adding the 'required' modifier or declaring the property as nullable.
  Data\CanvasDbContext.cs(8,12): warning CS8618: Non-nullable property 'Issues' must contain a non-null value when exiting constructor. Consider adding the 'required' modifier or declaring the property as nullable.
  Data\CanvasDbContext.cs(8,12): warning CS8618: Non-nullable property 'SecureTokens' must contain a non-null value when exiting constructor. Consider adding the 'required' modifier or declaring the property as nullable.
  Data\CanvasDbContext.cs(8,12): warning CS8618: Non-nullable property 'SessionParticipants' must contain a non-null value when exiting constructor. Consider adding the 'required' modifier or declaring the property as nullable.
  Data\KSessionsDbContext.cs(12,16): warning CS8618: Non-nullable property 'Groups' must contain a non-null value when exiting constructor. Consider adding the 'required' modifier or declaring the property as nullable.
  Data\KSessionsDbContext.cs(12,16): warning CS8618: Non-nullable property 'Categories' must contain a non-null value when exiting constructor. Consider adding the 'required' modifier or declaring the property as nullable.
  Data\KSessionsDbContext.cs(12,16): warning CS8618: Non-nullable property 'Sessions' must contain a non-null value when exiting constructor. Consider adding the 'required' modifier or declaring the property as nullable.
  Data\KSessionsDbContext.cs(12,16): warning CS8618: Non-nullable property 'SessionTranscripts' must contain a non-null value when exiting constructor. Consider adding the 'required' modifier or declaring the property as nullable.
  Data\KSessionsDbContext.cs(12,16): warning CS8618: Non-nullable property 'Countries' must contain a non-null value when exiting constructor. Consider adding the 'required' modifier or declaring the property as nullable.
  Data\KSessionsDbContext.cs(12,16): warning CS8618: Non-nullable property 'Speakers' must contain a non-null value when exiting constructor. Consider adding the 'required' modifier or declaring the property as nullable.
  Data\SimplifiedCanvasDbContext.cs(13,12): warning CS8618: Non-nullable property 'Sessions' must contain a non-null value when exiting constructor. Consider adding the 'required' modifier or declaring the property as nullable.
  Data\SimplifiedCanvasDbContext.cs(13,12): warning CS8618: Non-nullable property 'Participants' must contain a non-null value when exiting constructor. Consider adding the 'required' modifier or declaring the property as nullable.
  Data\SimplifiedCanvasDbContext.cs(13,12): warning CS8618: Non-nullable property 'SessionData' must contain a non-null value when exiting constructor. Consider adding the 'required' modifier or declaring the property as nullable.
  Data\SimplifiedCanvasDbContext.cs(13,12): warning CS8618: Non-nullable property 'AssetLookup' must contain a non-null value when exiting constructor. Consider adding the 'required' modifier or declaring the property as nullable.
  Controllers\HostController.cs(589,29): info ASP0015: The header 'User-Agent' can be accessed using the UserAgent property
  Controllers\ParticipantController.cs(61,29): info ASP0015: The header 'User-Agent' can be accessed using the UserAgent property
  Controllers\TokenController.cs(29,25): info ASP0015: The header 'User-Agent' can be accessed using the UserAgent property
  Program.cs(259,9): info ASP0015: The header 'Content-Type' can be accessed using the ContentType property
  Program.cs(260,9): info ASP0015: The header 'Cache-Control' can be accessed using the CacheControl property
  Program.cs(261,9): info ASP0015: The header 'Connection' can be accessed using the Connection property
  Program.cs(220,22): info ASP0018: Unused route parameter 'catchall'
  Services\DebugService.cs(390,21): info CA1816: Change DebugTimer.Dispose() to call GC.SuppressFinalize(object). This will prevent derived types that introduce a finalizer from needing to re-implement 'IDisposable' to call it.
  Controllers\HealthController.cs(92,41): info CA1845: Use span-based 'string.Concat' and 'AsSpan' instead of 'Substring'
  Controllers\HostController.cs(51,21): info CA1845: Use span-based 'string.Concat' and 'AsSpan' instead of 'Substring'
  Controllers\HostController.cs(104,32): info CA1845: Use span-based 'string.Concat' and 'AsSpan' instead of 'Substring'
  Controllers\HostController.cs(127,32): info CA1845: Use span-based 'string.Concat' and 'AsSpan' instead of 'Substring'
  Controllers\HostController.cs(296,52): info CA1845: Use span-based 'string.Concat' and 'AsSpan' instead of 'Substring'
  Controllers\HostController.cs(474,117): info CA1845: Use span-based 'string.Concat' and 'AsSpan' instead of 'Substring'
  Controllers\HostController.cs(512,148): info CA1845: Use span-based 'string.Concat' and 'AsSpan' instead of 'Substring'
  Controllers\HostController.cs(549,155): info CA1845: Use span-based 'string.Concat' and 'AsSpan' instead of 'Substring'
  Controllers\HostController.cs(760,32): info CA1845: Use span-based 'string.Concat' and 'AsSpan' instead of 'Substring'
  Controllers\HostController.cs(839,32): info CA1845: Use span-based 'string.Concat' and 'AsSpan' instead of 'Substring'
  Controllers\HostController.cs(908,21): info CA1845: Use span-based 'string.Concat' and 'AsSpan' instead of 'Substring'
  Controllers\HostController.cs(957,32): info CA1845: Use span-based 'string.Concat' and 'AsSpan' instead of 'Substring'
  Controllers\HostProvisionerController.cs(55,28): info CA1845: Use span-based 'string.Concat' and 'AsSpan' instead of 'Substring'
  Program.cs(395,17): info CA1845: Use span-based 'string.Concat' and 'AsSpan' instead of 'Substring'
  Program.cs(400,17): info CA1845: Use span-based 'string.Concat' and 'AsSpan' instead of 'Substring'
  Controllers\QuestionController.cs(299,25): info CA1854: Prefer a 'TryGetValue' call over a Dictionary indexer access guarded by a 'ContainsKey' check to avoid double lookup
  Controllers\QuestionController.cs(369,40): info CA1854: Prefer a 'TryGetValue' call over a Dictionary indexer access guarded by a 'ContainsKey' check to avoid double lookup
  Controllers\QuestionController.cs(609,45): info CA1854: Prefer a 'TryGetValue' call over a Dictionary indexer access guarded by a 'ContainsKey' check to avoid double lookup
  Controllers\QuestionController.cs(669,32): info CA1854: Prefer a 'TryGetValue' call over a Dictionary indexer access guarded by a 'ContainsKey' check to avoid double lookup
  Controllers\QuestionController.cs(670,30): info CA1854: Prefer a 'TryGetValue' call over a Dictionary indexer access guarded by a 'ContainsKey' check to avoid double lookup
  Controllers\QuestionController.cs(671,29): info CA1854: Prefer a 'TryGetValue' call over a Dictionary indexer access guarded by a 'ContainsKey' check to avoid double lookup
  Controllers\QuestionController.cs(672,34): info CA1854: Prefer a 'TryGetValue' call over a Dictionary indexer access guarded by a 'ContainsKey' check to avoid double lookup
  Controllers\QuestionController.cs(779,45): info CA1854: Prefer a 'TryGetValue' call over a Dictionary indexer access guarded by a 'ContainsKey' check to avoid double lookup
  Services\DebugService.cs(240,18): info CA1854: Prefer a 'TryGetValue' call over a Dictionary indexer access guarded by a 'ContainsKey' check to avoid double lookup
  Controllers\AdminController.cs(114,36): info CA1860: Prefer comparing 'Count' to 0 rather than using 'Any()', both for clarity and for performance
  Controllers\AdminController.cs(115,36): info CA1860: Prefer comparing 'Count' to 0 rather than using 'Any()', both for clarity and for performance
  Controllers\DiagnosticsController.cs(45,38): info CA1860: Prefer comparing 'Count' to 0 rather than using 'Any()', both for clarity and for performance
  Controllers\DiagnosticsController.cs(71,40): info CA1860: Prefer comparing 'Count' to 0 rather than using 'Any()', both for clarity and for performance
  Controllers\DiagnosticsController.cs(85,40): info CA1860: Prefer comparing 'Count' to 0 rather than using 'Any()', both for clarity and for performance
  Controllers\DiagnosticsController.cs(99,39): info CA1860: Prefer comparing 'Count' to 0 rather than using 'Any()', both for clarity and for performance
  Program.cs(455,13): info CA1860: Prefer comparing 'Count' to 0 rather than using 'Any()', both for clarity and for performance
  Program.cs(468,13): info CA1860: Prefer comparing 'Count' to 0 rather than using 'Any()', both for clarity and for performance
  Services\AnnotationService.cs(173,21): info CA1860: Prefer comparing 'Count' to 0 rather than using 'Any()', both for clarity and for performance
  Services\AssetProcessingService.cs(126,18): info CA1860: Prefer comparing 'Count' to 0 rather than using 'Any()', both for clarity and for performance
  Services\DebugService.cs(412,46): info CA1860: Prefer comparing 'Count' to 0 rather than using 'Any()', both for clarity and for performance
  Services\DebugService.cs(414,46): info CA1860: Prefer comparing 'Count' to 0 rather than using 'Any()', both for clarity and for performance
  Services\Development\TestDataService.cs(65,18): info CA1860: Prefer comparing 'Count' to 0 rather than using 'Any()', both for clarity and for performance
  Services\HtmlParsingService.cs(156,17): info CA1860: Prefer comparing 'Count' to 0 rather than using 'Any()', both for clarity and for performance
  Controllers\QuestionController.cs(242,22): info CA1861: Prefer 'static readonly' fields over constant array arguments if the called method is called repeatedly and is not mutating the passed array
  Data\Migrations\20250911091420_InitialCreate.cs(362,26): info CA1861: Prefer 'static readonly' fields over constant array arguments if the called method is called repeatedly and is not mutating the passed array
  Data\Migrations\20250911091420_InitialCreate.cs(387,26): info CA1861: Prefer 'static readonly' fields over constant array arguments if the called method is called repeatedly and is not mutating the passed array
  Data\Migrations\20250911091420_InitialCreate.cs(405,26): info CA1861: Prefer 'static readonly' fields over constant array arguments if the called method is called repeatedly and is not mutating the passed array
  Data\Migrations\20250911091420_InitialCreate.cs(419,26): info CA1861: Prefer 'static readonly' fields over constant array arguments if the called method is called repeatedly and is not mutating the passed array
  Data\Migrations\20250911091420_InitialCreate.cs(432,26): info CA1861: Prefer 'static readonly' fields over constant array arguments if the called method is called repeatedly and is not mutating the passed array
  Data\Migrations\20250911091420_InitialCreate.cs(438,26): info CA1861: Prefer 'static readonly' fields over constant array arguments if the called method is called repeatedly and is not mutating the passed array
  Migrations\20250920121452_AddEmailToParticipants.cs(113,26): info CA1861: Prefer 'static readonly' fields over constant array arguments if the called method is called repeatedly and is not mutating the passed array
  Migrations\20250920121452_AddEmailToParticipants.cs(119,26): info CA1861: Prefer 'static readonly' fields over constant array arguments if the called method is called repeatedly and is not mutating the passed array
  Migrations\20250920121452_AddEmailToParticipants.cs(125,26): info CA1861: Prefer 'static readonly' fields over constant array arguments if the called method is called repeatedly and is not mutating the passed array
  Migrations\20250920121452_AddEmailToParticipants.cs(137,26): info CA1861: Prefer 'static readonly' fields over constant array arguments if the called method is called repeatedly and is not mutating the passed array
  Migrations\20250920222544_AddAssetLookupTable.cs(88,26): info CA1861: Prefer 'static readonly' fields over constant array arguments if the called method is called repeatedly and is not mutating the passed array
  Migrations\20250920222544_AddAssetLookupTable.cs(101,26): info CA1861: Prefer 'static readonly' fields over constant array arguments if the called method is called repeatedly and is not mutating the passed array
  Migrations\20250920222544_AddAssetLookupTable.cs(107,26): info CA1861: Prefer 'static readonly' fields over constant array arguments if the called method is called repeatedly and is not mutating the passed array
  Migrations\20250920222544_AddAssetLookupTable.cs(120,26): info CA1861: Prefer 'static readonly' fields over constant array arguments if the called method is called repeatedly and is not mutating the passed array
  Migrations\20250920222544_AddAssetLookupTable.cs(128,26): info CA1861: Prefer 'static readonly' fields over constant array arguments if the called method is called repeatedly and is not mutating the passed array
  Migrations\20250923225435_RemoveUnusedTokenColumnsCleanup.cs(83,26): info CA1861: Prefer 'static readonly' fields over constant array arguments if the called method is called repeatedly and is not mutating the passed array
  Services\AssetDetectionService.cs(83,28): info CA1861: Prefer 'static readonly' fields over constant array arguments if the called method is called repeatedly and is not mutating the passed array
  Services\AssetDetectionService.cs(84,34): info CA1861: Prefer 'static readonly' fields over constant array arguments if the called method is called repeatedly and is not mutating the passed array
  Services\AssetDetectionService.cs(87,33): info CA1861: Prefer 'static readonly' fields over constant array arguments if the called method is called repeatedly and is not mutating the passed array
  Services\AssetDetectionService.cs(88,44): info CA1861: Prefer 'static readonly' fields over constant array arguments if the called method is called repeatedly and is not mutating the passed array
  Services\AssetDetectionService.cs(89,32): info CA1861: Prefer 'static readonly' fields over constant array arguments if the called method is called repeatedly and is not mutating the passed array
  Services\AssetDetectionService.cs(90,34): info CA1861: Prefer 'static readonly' fields over constant array arguments if the called method is called repeatedly and is not mutating the passed array
  Services\AssetDetectionService.cs(91,24): info CA1861: Prefer 'static readonly' fields over constant array arguments if the called method is called repeatedly and is not mutating the passed array
  Services\AssetDetectionService.cs(92,32): info CA1861: Prefer 'static readonly' fields over constant array arguments if the called method is called repeatedly and is not mutating the passed array
  Services\AssetDetectionService.cs(148,55): info CA1861: Prefer 'static readonly' fields over constant array arguments if the called method is called repeatedly and is not mutating the passed array
  Services\HtmlParsingService.cs(294,65): info CA1866: Use 'string.StartsWith(char)' instead of 'string.StartsWith(string)' when you have a string with a single char
  Services\HtmlParsingService.cs(371,44): info CA1866: Use 'string.StartsWith(char)' instead of 'string.StartsWith(string)' when you have a string with a single char
  Services\HtmlParsingService.cs(371,74): info CA1866: Use 'string.EndsWith(char)' instead of 'string.EndsWith(string)' when you have a string with a single char
  Hubs\SessionHub.cs(145,82): info CA1869: Avoid creating a new 'JsonSerializerOptions' instance for every serialization operation. Cache and reuse instances instead.
  Services\AssetDetectorService.cs(36,88): info CA1869: Avoid creating a new 'JsonSerializerOptions' instance for every serialization operation. Cache and reuse instances instead.
  Services\AssetProcessingService.cs(285,104): info CA1869: Avoid creating a new 'JsonSerializerOptions' instance for every serialization operation. Cache and reuse instances instead.
  Services\HostAssetService.cs(49,105): info CA1869: Avoid creating a new 'JsonSerializerOptions' instance for every serialization operation. Cache and reuse instances instead.
  Services\HostAssetService.cs(66,123): info CA1869: Avoid creating a new 'JsonSerializerOptions' instance for every serialization operation. Cache and reuse instances instead.
  Services\HostAssetService.cs(133,105): info CA1869: Avoid creating a new 'JsonSerializerOptions' instance for every serialization operation. Cache and reuse instances instead.
  Services\HostSessionService.cs(116,126): info CA1869: Avoid creating a new 'JsonSerializerOptions' instance for every serialization operation. Cache and reuse instances instead.
  Services\HostSessionService.cs(156,117): info CA1869: Avoid creating a new 'JsonSerializerOptions' instance for every serialization operation. Cache and reuse instances instead.
  Services\HostSessionService.cs(195,95): info CA1869: Avoid creating a new 'JsonSerializerOptions' instance for every serialization operation. Cache and reuse instances instead.
  Services\HostSessionService.cs(243,123): info CA1869: Avoid creating a new 'JsonSerializerOptions' instance for every serialization operation. Cache and reuse instances instead.
  Services\HostSessionService.cs(324,140): info CA1869: Avoid creating a new 'JsonSerializerOptions' instance for every serialization operation. Cache and reuse instances instead.
  Services\HostSessionService.cs(369,104): info CA1869: Avoid creating a new 'JsonSerializerOptions' instance for every serialization operation. Cache and reuse instances instead.
  Services\DebugService.cs(74,36): info CA2254: The logging message template should not vary between calls to 'LoggerExtensions.LogInformation(ILogger, string?, params object?[])'
  Services\DebugService.cs(98,36): info CA2254: The logging message template should not vary between calls to 'LoggerExtensions.LogInformation(ILogger, string?, params object?[])'
  Data\Migrations\20250911091420_InitialCreate.cs(31,17): info RCS1021: Use expression-bodied lambda
  Data\Migrations\20250911091420_InitialCreate.cs(48,17): info RCS1021: Use expression-bodied lambda
  Data\Migrations\20250912174615_AddAdminSessions.cs(126,17): info RCS1021: Use expression-bodied lambda
  Migrations\20250920121452_AddEmailToParticipants.cs(45,17): info RCS1021: Use expression-bodied lambda
  Migrations\20250920222544_AddAssetLookupTable.cs(46,17): info RCS1021: Use expression-bodied lambda
  Migrations\20250923225435_RemoveUnusedTokenColumnsCleanup.cs(75,17): info RCS1021: Use expression-bodied lambda
  Services\DialogService.cs(58,17): info RCS1021: Use expression-bodied lambda
  Controllers\HostController.cs(1053,89): info RCS1033: Remove redundant '== true'
  Migrations\20250920121756_InitialMigrationWithEmail.cs(13,1): info RCS1036: Remove unnecessary blank line
  Migrations\20250920121756_InitialMigrationWithEmail.cs(19,1): info RCS1036: Remove unnecessary blank line
  Services\HostSessionService.cs(163,1): info RCS1036: Remove unnecessary blank line
  Services\HostSessionService.cs(250,1): info RCS1036: Remove unnecessary blank line
  Services\HostSessionService.cs(263,1): info RCS1036: Remove unnecessary blank line
  Services\SecureTokenService.cs(205,1): info RCS1036: Remove unnecessary blank line
  Services\SimplifiedTokenService.cs(266,1): info RCS1036: Remove unnecessary blank line
  Controllers\AssetShareTestController.cs(17,44): info RCS1037: Remove trailing white-space
  Controllers\AssetShareTestController.cs(30,118): info RCS1037: Remove trailing white-space
  Controllers\AssetShareTestController.cs(48,133): info RCS1037: Remove trailing white-space
  Controllers\AssetShareTestController.cs(77,1): info RCS1037: Remove trailing white-space
  Controllers\AssetShareTestController.cs(85,1): info RCS1037: Remove trailing white-space
  Controllers\AssetShareTestController.cs(95,135): info RCS1037: Remove trailing white-space
  Controllers\AssetShareTestController.cs(120,1): info RCS1037: Remove trailing white-space
  Controllers\AssetShareTestController.cs(123,1): info RCS1037: Remove trailing white-space
  Controllers\AssetShareTestController.cs(133,1): info RCS1037: Remove trailing white-space
  Controllers\AssetShareTestController.cs(150,1): info RCS1037: Remove trailing white-space
  Controllers\DiagnosticsController.cs(38,1): info RCS1037: Remove trailing white-space
  Controllers\DiagnosticsController.cs(43,1): info RCS1037: Remove trailing white-space
  Controllers\DiagnosticsController.cs(57,1): info RCS1037: Remove trailing white-space
  Controllers\DiagnosticsController.cs(65,106): info RCS1037: Remove trailing white-space
  Controllers\DiagnosticsController.cs(69,1): info RCS1037: Remove trailing white-space
  Controllers\DiagnosticsController.cs(83,1): info RCS1037: Remove trailing white-space
  Controllers\DiagnosticsController.cs(97,1): info RCS1037: Remove trailing white-space
  Controllers\DiagnosticsController.cs(101,123): info RCS1037: Remove trailing white-space
  Controllers\DiagnosticsController.cs(103,1): info RCS1037: Remove trailing white-space
  Controllers\DiagnosticsController.cs(111,123): info RCS1037: Remove trailing white-space
  Controllers\DiagnosticsController.cs(116,128): info RCS1037: Remove trailing white-space
  Controllers\DiagnosticsController.cs(124,136): info RCS1037: Remove trailing white-space
  Controllers\DiagnosticsController.cs(131,1): info RCS1037: Remove trailing white-space
  Controllers\DiagnosticsController.cs(133,1): info RCS1037: Remove trailing white-space
  Controllers\DiagnosticsController.cs(157,1): info RCS1037: Remove trailing white-space
  Controllers\DiagnosticsController.cs(162,1): info RCS1037: Remove trailing white-space
  Controllers\DiagnosticsController.cs(167,1): info RCS1037: Remove trailing white-space
  Controllers\DiagnosticsController.cs(172,1): info RCS1037: Remove trailing white-space
  Controllers\DiagnosticsController.cs(177,1): info RCS1037: Remove trailing white-space
  Controllers\DiagnosticsController.cs(182,1): info RCS1037: Remove trailing white-space
  Controllers\DiagnosticsController.cs(187,1): info RCS1037: Remove trailing white-space
  Controllers\HostController.cs(145,164): info RCS1037: Remove trailing white-space
  Controllers\HostController.cs(147,1): info RCS1037: Remove trailing white-space
  Controllers\HostController.cs(150,1): info RCS1037: Remove trailing white-space
  Controllers\HostController.cs(161,1): info RCS1037: Remove trailing white-space
  Controllers\HostController.cs(168,183): info RCS1037: Remove trailing white-space
  Controllers\HostController.cs(189,175): info RCS1037: Remove trailing white-space
  Controllers\HostController.cs(191,1): info RCS1037: Remove trailing white-space
  Controllers\HostController.cs(198,170): info RCS1037: Remove trailing white-space
  Controllers\HostController.cs(200,1): info RCS1037: Remove trailing white-space
  Controllers\HostController.cs(218,183): info RCS1037: Remove trailing white-space
  Controllers\HostController.cs(470,152): info RCS1037: Remove trailing white-space
  Controllers\HostController.cs(471,82): info RCS1037: Remove trailing white-space
  Controllers\HostController.cs(473,1): info RCS1037: Remove trailing white-space
  Controllers\HostController.cs(483,1): info RCS1037: Remove trailing white-space
  Controllers\HostController.cs(496,173): info RCS1037: Remove trailing white-space
  Controllers\HostController.cs(508,154): info RCS1037: Remove trailing white-space
  Controllers\HostController.cs(509,29): info RCS1037: Remove trailing white-space
  Controllers\HostController.cs(511,1): info RCS1037: Remove trailing white-space
  Controllers\HostController.cs(520,1): info RCS1037: Remove trailing white-space
  Controllers\HostController.cs(534,175): info RCS1037: Remove trailing white-space
  Controllers\HostController.cs(545,158): info RCS1037: Remove trailing white-space
  Controllers\HostController.cs(546,32): info RCS1037: Remove trailing white-space
  Controllers\HostController.cs(548,1): info RCS1037: Remove trailing white-space
  Controllers\HostController.cs(557,1): info RCS1037: Remove trailing white-space
  Controllers\HostController.cs(578,179): info RCS1037: Remove trailing white-space
  Controllers\HostController.cs(666,1): info RCS1037: Remove trailing white-space
  Controllers\HostController.cs(1531,1): info RCS1037: Remove trailing white-space
  Controllers\HostController.cs(1534,1): info RCS1037: Remove trailing white-space
  Controllers\HostController.cs(1537,1): info RCS1037: Remove trailing white-space
  Controllers\HostController.cs(1540,1): info RCS1037: Remove trailing white-space
  Controllers\HostController.cs(1543,1): info RCS1037: Remove trailing white-space
  Controllers\HostController.cs(1555,1): info RCS1037: Remove trailing white-space
  Controllers\HostController.cs(1558,1): info RCS1037: Remove trailing white-space
  Controllers\HostController.cs(1561,1): info RCS1037: Remove trailing white-space
  Controllers\HostController.cs(1564,1): info RCS1037: Remove trailing white-space
  Controllers\HostController.cs(1567,1): info RCS1037: Remove trailing white-space
  Controllers\HostController.cs(1570,1): info RCS1037: Remove trailing white-space
  Controllers\HostController.cs(1573,1): info RCS1037: Remove trailing white-space
  Controllers\HostController.cs(1576,1): info RCS1037: Remove trailing white-space
  Controllers\ParticipantController.cs(418,1): info RCS1037: Remove trailing white-space
  Controllers\ParticipantController.cs(423,86): info RCS1037: Remove trailing white-space
  Controllers\ParticipantController.cs(424,73): info RCS1037: Remove trailing white-space
  Controllers\ParticipantController.cs(426,1): info RCS1037: Remove trailing white-space
  Controllers\ParticipantController.cs(430,1): info RCS1037: Remove trailing white-space
  Controllers\ParticipantController.cs(436,1): info RCS1037: Remove trailing white-space
  Controllers\ParticipantController.cs(443,139): info RCS1037: Remove trailing white-space
  Controllers\ParticipantController.cs(491,1): info RCS1037: Remove trailing white-space
  Controllers\ParticipantController.cs(493,150): info RCS1037: Remove trailing white-space
  Controllers\ParticipantController.cs(500,1): info RCS1037: Remove trailing white-space
  Controllers\ParticipantController.cs(502,142): info RCS1037: Remove trailing white-space
  Controllers\ParticipantController.cs(535,1): info RCS1037: Remove trailing white-space
  Controllers\QuestionController.cs(118,141): info RCS1037: Remove trailing white-space
  Controllers\QuestionController.cs(120,1): info RCS1037: Remove trailing white-space
  Controllers\QuestionController.cs(130,1): info RCS1037: Remove trailing white-space
  Controllers\QuestionController.cs(131,159): info RCS1037: Remove trailing white-space
  Controllers\QuestionController.cs(145,1): info RCS1037: Remove trailing white-space
  Controllers\QuestionController.cs(148,1): info RCS1037: Remove trailing white-space
  Controllers\QuestionController.cs(149,176): info RCS1037: Remove trailing white-space
  Controllers\QuestionController.cs(150,110): info RCS1037: Remove trailing white-space
  Controllers\QuestionController.cs(152,1): info RCS1037: Remove trailing white-space
  Controllers\QuestionController.cs(165,1): info RCS1037: Remove trailing white-space
  Controllers\QuestionController.cs(166,164): info RCS1037: Remove trailing white-space
  Controllers\QuestionController.cs(186,1): info RCS1037: Remove trailing white-space
  Controllers\QuestionController.cs(259,1): info RCS1037: Remove trailing white-space
  Controllers\QuestionController.cs(341,1): info RCS1037: Remove trailing white-space
  Controllers\QuestionController.cs(344,1): info RCS1037: Remove trailing white-space
  Controllers\QuestionController.cs(346,1): info RCS1037: Remove trailing white-space
  Controllers\QuestionController.cs(355,1): info RCS1037: Remove trailing white-space
  Controllers\QuestionController.cs(358,1): info RCS1037: Remove trailing white-space
  Controllers\QuestionController.cs(364,1): info RCS1037: Remove trailing white-space
  Controllers\QuestionController.cs(427,141): info RCS1037: Remove trailing white-space
  Controllers\QuestionController.cs(445,1): info RCS1037: Remove trailing white-space
  Controllers\QuestionController.cs(452,127): info RCS1037: Remove trailing white-space
  Controllers\QuestionController.cs(453,56): info RCS1037: Remove trailing white-space
  Controllers\QuestionController.cs(454,103): info RCS1037: Remove trailing white-space
  Controllers\QuestionController.cs(458,161): info RCS1037: Remove trailing white-space
  Controllers\QuestionController.cs(460,1): info RCS1037: Remove trailing white-space
  Controllers\QuestionController.cs(464,139): info RCS1037: Remove trailing white-space
  Controllers\QuestionController.cs(465,59): info RCS1037: Remove trailing white-space
  Controllers\QuestionController.cs(470,1): info RCS1037: Remove trailing white-space
  Controllers\QuestionController.cs(471,165): info RCS1037: Remove trailing white-space
  Controllers\QuestionController.cs(473,1): info RCS1037: Remove trailing white-space
  Controllers\QuestionController.cs(479,149): info RCS1037: Remove trailing white-space
  Controllers\QuestionController.cs(481,1): info RCS1037: Remove trailing white-space
  Controllers\QuestionController.cs(485,177): info RCS1037: Remove trailing white-space
  Controllers\QuestionController.cs(490,201): info RCS1037: Remove trailing white-space
  Controllers\QuestionController.cs(497,138): info RCS1037: Remove trailing white-space
  Controllers\QuestionController.cs(500,1): info RCS1037: Remove trailing white-space
  Controllers\QuestionController.cs(502,188): info RCS1037: Remove trailing white-space
  Controllers\QuestionController.cs(517,1): info RCS1037: Remove trailing white-space
  Controllers\QuestionController.cs(518,174): info RCS1037: Remove trailing white-space
  Controllers\QuestionController.cs(520,1): info RCS1037: Remove trailing white-space
  Controllers\QuestionController.cs(525,109): info RCS1037: Remove trailing white-space
  Controllers\QuestionController.cs(535,1): info RCS1037: Remove trailing white-space
  Controllers\QuestionController.cs(599,146): info RCS1037: Remove trailing white-space
  Controllers\QuestionController.cs(614,1): info RCS1037: Remove trailing white-space
  Controllers\QuestionController.cs(619,1): info RCS1037: Remove trailing white-space
  Controllers\QuestionController.cs(729,1): info RCS1037: Remove trailing white-space
  Controllers\QuestionController.cs(754,164): info RCS1037: Remove trailing white-space
  Controllers\QuestionController.cs(765,158): info RCS1037: Remove trailing white-space
  Controllers\QuestionController.cs(772,1): info RCS1037: Remove trailing white-space
  Controllers\QuestionController.cs(784,1): info RCS1037: Remove trailing white-space
  Controllers\QuestionController.cs(791,1): info RCS1037: Remove trailing white-space
  Controllers\QuestionController.cs(825,1): info RCS1037: Remove trailing white-space
  Controllers\QuestionController.cs(828,1): info RCS1037: Remove trailing white-space
  Controllers\QuestionController.cs(829,166): info RCS1037: Remove trailing white-space
  Controllers\QuestionController.cs(837,163): info RCS1037: Remove trailing white-space
  Controllers\QuestionController.cs(839,169): info RCS1037: Remove trailing white-space
  Controllers\QuestionController.cs(841,1): info RCS1037: Remove trailing white-space
  Controllers\QuestionController.cs(843,54): info RCS1037: Remove trailing white-space
  Controllers\QuestionController.cs(844,22): info RCS1037: Remove trailing white-space
  Controllers\QuestionController.cs(845,49): info RCS1037: Remove trailing white-space
  Controllers\QuestionController.cs(846,55): info RCS1037: Remove trailing white-space
  Controllers\QuestionController.cs(850,1): info RCS1037: Remove trailing white-space
  Controllers\QuestionController.cs(858,169): info RCS1037: Remove trailing white-space
  Controllers\QuestionController.cs(860,1): info RCS1037: Remove trailing white-space
  Controllers\QuestionController.cs(863,1): info RCS1037: Remove trailing white-space
  Controllers\SessionController.cs(226,130): info RCS1037: Remove trailing white-space
  Controllers\SessionController.cs(229,32): info RCS1037: Remove trailing white-space
  Controllers\SessionController.cs(230,43): info RCS1037: Remove trailing white-space
  Controllers\SessionController.cs(277,161): info RCS1037: Remove trailing white-space
  Hubs\AnnotationHub.cs(51,1): info RCS1037: Remove trailing white-space
  Hubs\AnnotationHub.cs(59,1): info RCS1037: Remove trailing white-space
  Hubs\AnnotationHub.cs(301,1): info RCS1037: Remove trailing white-space
  Hubs\AnnotationHub.cs(305,1): info RCS1037: Remove trailing white-space
  Hubs\AnnotationHub.cs(307,1): info RCS1037: Remove trailing white-space
  Hubs\AnnotationHub.cs(329,1): info RCS1037: Remove trailing white-space
  Hubs\AnnotationHub.cs(332,1): info RCS1037: Remove trailing white-space
  Hubs\SessionHub.cs(191,151): info RCS1037: Remove trailing white-space
  Hubs\SessionHub.cs(198,1): info RCS1037: Remove trailing white-space
  Hubs\SessionHub.cs(199,138): info RCS1037: Remove trailing white-space
  Hubs\SessionHub.cs(204,131): info RCS1037: Remove trailing white-space
  Hubs\SessionHub.cs(387,1): info RCS1037: Remove trailing white-space
  Hubs\SessionHub.cs(388,168): info RCS1037: Remove trailing white-space
  Hubs\SessionHub.cs(390,1): info RCS1037: Remove trailing white-space
  Hubs\SessionHub.cs(398,1): info RCS1037: Remove trailing white-space
  Hubs\SessionHub.cs(408,1): info RCS1037: Remove trailing white-space
  Hubs\SessionHub.cs(409,127): info RCS1037: Remove trailing white-space
  Hubs\SessionHub.cs(411,1): info RCS1037: Remove trailing white-space
  Hubs\SessionHub.cs(413,1): info RCS1037: Remove trailing white-space
  Hubs\SessionHub.cs(605,175): info RCS1037: Remove trailing white-space
  Program.cs(124,1): info RCS1037: Remove trailing white-space
  Program.cs(136,1): info RCS1037: Remove trailing white-space
  Program.cs(285,1): info RCS1037: Remove trailing white-space
  Program.cs(287,1): info RCS1037: Remove trailing white-space
  Program.cs(293,1): info RCS1037: Remove trailing white-space
  Program.cs(295,1): info RCS1037: Remove trailing white-space
  Program.cs(298,122): info RCS1037: Remove trailing white-space
  Program.cs(300,1): info RCS1037: Remove trailing white-space
  Program.cs(314,159): info RCS1037: Remove trailing white-space
  Program.cs(391,1): info RCS1037: Remove trailing white-space
  Program.cs(394,114): info RCS1037: Remove trailing white-space
  Program.cs(396,1): info RCS1037: Remove trailing white-space
  Program.cs(399,117): info RCS1037: Remove trailing white-space
  Program.cs(405,1): info RCS1037: Remove trailing white-space
  Program.cs(440,1): info RCS1037: Remove trailing white-space
  Program.cs(443,111): info RCS1037: Remove trailing white-space
  Program.cs(445,1): info RCS1037: Remove trailing white-space
  Program.cs(448,107): info RCS1037: Remove trailing white-space
  Services\AssetDetectionService.cs(85,1): info RCS1037: Remove trailing white-space
  Services\AssetProcessingService.cs(252,1): info RCS1037: Remove trailing white-space
  Services\HostSessionService.cs(70,1): info RCS1037: Remove trailing white-space
  Services\HostSessionService.cs(85,104): info RCS1037: Remove trailing white-space
  Services\HostSessionService.cs(86,53): info RCS1037: Remove trailing white-space
  Services\HostSessionService.cs(88,103): info RCS1037: Remove trailing white-space
  Services\HostSessionService.cs(109,1): info RCS1037: Remove trailing white-space
  Services\HostSessionService.cs(115,1): info RCS1037: Remove trailing white-space
  Services\HostSessionService.cs(123,84): info RCS1037: Remove trailing white-space
  Services\HtmlParsingService.cs(300,1): info RCS1037: Remove trailing white-space
  Services\SafeHtmlRenderingService.cs(120,1): info RCS1037: Remove trailing white-space
  Services\SafeHtmlRenderingService.cs(126,1): info RCS1037: Remove trailing white-space
  Services\SafeHtmlRenderingService.cs(129,1): info RCS1037: Remove trailing white-space
  Controllers\AdminController.cs(93,49): info RCS1077: Optimize LINQ method call
  Controllers\AdminController.cs(99,47): info RCS1077: Optimize LINQ method call
  Controllers\AdminController.cs(101,54): info RCS1077: Optimize LINQ method call
  Controllers\HostController.cs(1241,71): info RCS1077: Optimize LINQ method call
  Controllers\ParticipantController.cs(525,53): info RCS1077: Optimize LINQ method call
  Controllers\QuestionController.cs(456,46): info RCS1077: Optimize LINQ method call
  Services\DebugService.cs(309,21): info RCS1085: Use auto-implemented property
  Services\SecureSessionTokenService.cs(1,1): info RCS1093: File contains no code
  Controllers\QuestionController.cs(615,63): info RCS1097: Remove redundant 'ToString' call
  Controllers\QuestionController.cs(785,63): info RCS1097: Remove redundant 'ToString' call
  Controllers\QuestionController.cs(67,28): info RCS1104: Simplify conditional expression
  Controllers\QuestionController.cs(513,38): info RCS1104: Simplify conditional expression
  Controllers\QuestionController.cs(672,34): info RCS1104: Simplify conditional expression
  Hubs\QAHub.cs(78,13): info RCS1118: Mark local variable as const
  Program.cs(359,17): info RCS1118: Mark local variable as const
  Program.cs(370,17): info RCS1118: Mark local variable as const
  Program.cs(412,17): info RCS1118: Mark local variable as const
  Program.cs(423,17): info RCS1118: Mark local variable as const
  Services\AssetDetectionService.cs(141,9): info RCS1118: Mark local variable as const
  Services\AssetDetectorService.cs(139,9): info RCS1118: Mark local variable as const
  Services\AssetDetectorService.cs(167,9): info RCS1118: Mark local variable as const
  Services\AssetDetectorService.cs(194,9): info RCS1118: Mark local variable as const
  Services\AssetDetectorService.cs(223,9): info RCS1118: Mark local variable as const
  Services\ScreenshotAnalysisService.cs(124,13): info RCS1118: Mark local variable as const
  Controllers\HostController.cs(1046,21): info RCS1146: Use conditional access
  Controllers\QuestionController.cs(609,29): info RCS1146: Use conditional access
  Controllers\QuestionController.cs(779,29): info RCS1146: Use conditional access
  Services\AssetHtmlProcessingService.cs(555,25): info RCS1146: Use conditional access
  Controllers\HostController.cs(1103,62): info RCS1163: Unused parameter 'type'
  Controllers\HostController.cs(1103,95): info RCS1163: Unused parameter 'sharedOnly'
  Services\AssetDetectionService.cs(425,49): info RCS1163: Unused parameter 'sessionId'
  Services\AssetHtmlProcessingService.cs(346,56): info RCS1163: Unused parameter 'htmlDoc'
  Services\HostAssetService.cs(151,76): info RCS1163: Unused parameter 'shareId'
  Services\SimplifiedTokenService.cs(34,9): info RCS1163: Unused parameter 'clientIp'
  Controllers\HostProvisionerController.cs(15,9): info RCS1187: Use constant instead of field
  Services\HtmlParsingService.cs(90,17): info RCS1192: Unnecessary usage of verbatim string literal
  Services\HtmlParsingService.cs(91,17): info RCS1192: Unnecessary usage of verbatim string literal
  Services\HtmlParsingService.cs(92,17): info RCS1192: Unnecessary usage of verbatim string literal
  Services\HtmlParsingService.cs(94,17): info RCS1192: Unnecessary usage of verbatim string literal
  Services\HtmlParsingService.cs(95,17): info RCS1192: Unnecessary usage of verbatim string literal
  Services\HtmlParsingService.cs(96,17): info RCS1192: Unnecessary usage of verbatim string literal
  Services\SessionStateService.cs(121,21): info RCS1199: Unnecessary null check
  Data\Migrations\20250911091420_InitialCreate.cs(19,17): info RCS1205: Order named arguments according to the order of parameters
  Data\Migrations\20250911091420_InitialCreate.cs(37,17): info RCS1205: Order named arguments according to the order of parameters
  Data\Migrations\20250911091420_InitialCreate.cs(54,17): info RCS1205: Order named arguments according to the order of parameters
  Data\Migrations\20250911091420_InitialCreate.cs(70,25): info RCS1205: Order named arguments according to the order of parameters
  Data\Migrations\20250911091420_InitialCreate.cs(78,17): info RCS1205: Order named arguments according to the order of parameters
  Data\Migrations\20250911091420_InitialCreate.cs(99,25): info RCS1205: Order named arguments according to the order of parameters
  Data\Migrations\20250911091420_InitialCreate.cs(107,17): info RCS1205: Order named arguments according to the order of parameters
  Data\Migrations\20250911091420_InitialCreate.cs(125,25): info RCS1205: Order named arguments according to the order of parameters
  Data\Migrations\20250911091420_InitialCreate.cs(133,17): info RCS1205: Order named arguments according to the order of parameters
  Data\Migrations\20250911091420_InitialCreate.cs(149,25): info RCS1205: Order named arguments according to the order of parameters
  Data\Migrations\20250911091420_InitialCreate.cs(157,17): info RCS1205: Order named arguments according to the order of parameters
  Data\Migrations\20250911091420_InitialCreate.cs(175,25): info RCS1205: Order named arguments according to the order of parameters
  Data\Migrations\20250911091420_InitialCreate.cs(181,25): info RCS1205: Order named arguments according to the order of parameters
  Data\Migrations\20250911091420_InitialCreate.cs(188,17): info RCS1205: Order named arguments according to the order of parameters
  Data\Migrations\20250911091420_InitialCreate.cs(210,25): info RCS1205: Order named arguments according to the order of parameters
  Data\Migrations\20250911091420_InitialCreate.cs(216,25): info RCS1205: Order named arguments according to the order of parameters
  Data\Migrations\20250911091420_InitialCreate.cs(223,17): info RCS1205: Order named arguments according to the order of parameters
  Data\Migrations\20250911091420_InitialCreate.cs(242,25): info RCS1205: Order named arguments according to the order of parameters
  Data\Migrations\20250911091420_InitialCreate.cs(249,25): info RCS1205: Order named arguments according to the order of parameters
  Data\Migrations\20250911091420_InitialCreate.cs(257,17): info RCS1205: Order named arguments according to the order of parameters
  Data\Migrations\20250911091420_InitialCreate.cs(272,25): info RCS1205: Order named arguments according to the order of parameters
  Data\Migrations\20250911091420_InitialCreate.cs(279,25): info RCS1205: Order named arguments according to the order of parameters
  Data\Migrations\20250911091420_InitialCreate.cs(287,17): info RCS1205: Order named arguments according to the order of parameters
  Data\Migrations\20250911091420_InitialCreate.cs(303,25): info RCS1205: Order named arguments according to the order of parameters
  Data\Migrations\20250911091420_InitialCreate.cs(311,17): info RCS1205: Order named arguments according to the order of parameters
  Data\Migrations\20250911091420_InitialCreate.cs(327,25): info RCS1205: Order named arguments according to the order of parameters
  Data\Migrations\20250911091420_InitialCreate.cs(334,25): info RCS1205: Order named arguments according to the order of parameters
  Data\Migrations\20250911091420_InitialCreate.cs(342,17): info RCS1205: Order named arguments according to the order of parameters
  Data\Migrations\20250911091420_InitialCreate.cs(348,17): info RCS1205: Order named arguments according to the order of parameters
  Data\Migrations\20250911091420_InitialCreate.cs(354,17): info RCS1205: Order named arguments according to the order of parameters
  Data\Migrations\20250911091420_InitialCreate.cs(360,17): info RCS1205: Order named arguments according to the order of parameters
  Data\Migrations\20250911091420_InitialCreate.cs(367,17): info RCS1205: Order named arguments according to the order of parameters
  Data\Migrations\20250911091420_InitialCreate.cs(373,17): info RCS1205: Order named arguments according to the order of parameters
  Data\Migrations\20250911091420_InitialCreate.cs(379,17): info RCS1205: Order named arguments according to the order of parameters
  Data\Migrations\20250911091420_InitialCreate.cs(385,17): info RCS1205: Order named arguments according to the order of parameters
  Data\Migrations\20250911091420_InitialCreate.cs(391,17): info RCS1205: Order named arguments according to the order of parameters
  Data\Migrations\20250911091420_InitialCreate.cs(397,17): info RCS1205: Order named arguments according to the order of parameters
  Data\Migrations\20250911091420_InitialCreate.cs(403,17): info RCS1205: Order named arguments according to the order of parameters
  Data\Migrations\20250911091420_InitialCreate.cs(411,17): info RCS1205: Order named arguments according to the order of parameters
  Data\Migrations\20250911091420_InitialCreate.cs(417,17): info RCS1205: Order named arguments according to the order of parameters
  Data\Migrations\20250911091420_InitialCreate.cs(424,17): info RCS1205: Order named arguments according to the order of parameters
  Data\Migrations\20250911091420_InitialCreate.cs(430,17): info RCS1205: Order named arguments according to the order of parameters
  Data\Migrations\20250911091420_InitialCreate.cs(436,17): info RCS1205: Order named arguments according to the order of parameters
  Data\Migrations\20250912174615_AddAdminSessions.cs(16,17): info RCS1205: Order named arguments according to the order of parameters
  Data\Migrations\20250912174615_AddAdminSessions.cs(24,17): info RCS1205: Order named arguments according to the order of parameters
  Data\Migrations\20250912174615_AddAdminSessions.cs(32,17): info RCS1205: Order named arguments according to the order of parameters
  Data\Migrations\20250912174615_AddAdminSessions.cs(39,17): info RCS1205: Order named arguments according to the order of parameters
  Data\Migrations\20250912174615_AddAdminSessions.cs(47,17): info RCS1205: Order named arguments according to the order of parameters
  Data\Migrations\20250912174615_AddAdminSessions.cs(56,17): info RCS1205: Order named arguments according to the order of parameters
  Data\Migrations\20250912174615_AddAdminSessions.cs(64,17): info RCS1205: Order named arguments according to the order of parameters
  Data\Migrations\20250912174615_AddAdminSessions.cs(73,17): info RCS1205: Order named arguments according to the order of parameters
  Data\Migrations\20250912174615_AddAdminSessions.cs(80,17): info RCS1205: Order named arguments according to the order of parameters
  Data\Migrations\20250912174615_AddAdminSessions.cs(88,17): info RCS1205: Order named arguments according to the order of parameters
  Data\Migrations\20250912174615_AddAdminSessions.cs(95,17): info RCS1205: Order named arguments according to the order of parameters
  Data\Migrations\20250912174615_AddAdminSessions.cs(103,17): info RCS1205: Order named arguments according to the order of parameters
  Data\Migrations\20250912174615_AddAdminSessions.cs(111,17): info RCS1205: Order named arguments according to the order of parameters
  Data\Migrations\20250912174615_AddAdminSessions.cs(140,17): info RCS1205: Order named arguments according to the order of parameters
  Data\Migrations\20250912174615_AddAdminSessions.cs(145,17): info RCS1205: Order named arguments according to the order of parameters
  Data\Migrations\20250912174615_AddAdminSessions.cs(150,17): info RCS1205: Order named arguments according to the order of parameters
  Data\Migrations\20250912174615_AddAdminSessions.cs(155,17): info RCS1205: Order named arguments according to the order of parameters
  Data\Migrations\20250912174615_AddAdminSessions.cs(160,17): info RCS1205: Order named arguments according to the order of parameters
  Data\Migrations\20250912174615_AddAdminSessions.cs(165,17): info RCS1205: Order named arguments according to the order of parameters
  Data\Migrations\20250912174615_AddAdminSessions.cs(170,17): info RCS1205: Order named arguments according to the order of parameters
  Data\Migrations\20250912174615_AddAdminSessions.cs(175,17): info RCS1205: Order named arguments according to the order of parameters
  Data\Migrations\20250912174615_AddAdminSessions.cs(180,17): info RCS1205: Order named arguments according to the order of parameters
  Data\Migrations\20250912174615_AddAdminSessions.cs(185,17): info RCS1205: Order named arguments according to the order of parameters
  Data\Migrations\20250912174615_AddAdminSessions.cs(190,17): info RCS1205: Order named arguments according to the order of parameters
  Data\Migrations\20250912174615_AddAdminSessions.cs(195,17): info RCS1205: Order named arguments according to the order of parameters
  Migrations\20250920121452_AddEmailToParticipants.cs(19,17): info RCS1205: Order named arguments according to the order of parameters
  Migrations\20250920121452_AddEmailToParticipants.cs(51,17): info RCS1205: Order named arguments according to the order of parameters
  Migrations\20250920121452_AddEmailToParticipants.cs(71,25): info RCS1205: Order named arguments according to the order of parameters
  Migrations\20250920121452_AddEmailToParticipants.cs(79,17): info RCS1205: Order named arguments according to the order of parameters
  Migrations\20250920121452_AddEmailToParticipants.cs(97,25): info RCS1205: Order named arguments according to the order of parameters
  Migrations\20250920121452_AddEmailToParticipants.cs(105,17): info RCS1205: Order named arguments according to the order of parameters
  Migrations\20250920121452_AddEmailToParticipants.cs(111,17): info RCS1205: Order named arguments according to the order of parameters
  Migrations\20250920121452_AddEmailToParticipants.cs(117,17): info RCS1205: Order named arguments according to the order of parameters
  Migrations\20250920121452_AddEmailToParticipants.cs(123,17): info RCS1205: Order named arguments according to the order of parameters
  Migrations\20250920121452_AddEmailToParticipants.cs(129,17): info RCS1205: Order named arguments according to the order of parameters
  Migrations\20250920121452_AddEmailToParticipants.cs(135,17): info RCS1205: Order named arguments according to the order of parameters
  Migrations\20250920121452_AddEmailToParticipants.cs(141,17): info RCS1205: Order named arguments according to the order of parameters
  Migrations\20250920121452_AddEmailToParticipants.cs(148,17): info RCS1205: Order named arguments according to the order of parameters
  Migrations\20250920222544_AddAssetLookupTable.cs(16,17): info RCS1205: Order named arguments according to the order of parameters
  Migrations\20250920222544_AddAssetLookupTable.cs(21,17): info RCS1205: Order named arguments according to the order of parameters
  Migrations\20250920222544_AddAssetLookupTable.cs(27,17): info RCS1205: Order named arguments according to the order of parameters
  Migrations\20250920222544_AddAssetLookupTable.cs(33,17): info RCS1205: Order named arguments according to the order of parameters
  Migrations\20250920222544_AddAssetLookupTable.cs(52,17): info RCS1205: Order named arguments according to the order of parameters
  Migrations\20250920222544_AddAssetLookupTable.cs(78,25): info RCS1205: Order named arguments according to the order of parameters
  Migrations\20250920222544_AddAssetLookupTable.cs(86,17): info RCS1205: Order named arguments according to the order of parameters
  Migrations\20250920222544_AddAssetLookupTable.cs(92,17): info RCS1205: Order named arguments according to the order of parameters
  Migrations\20250920222544_AddAssetLookupTable.cs(99,17): info RCS1205: Order named arguments according to the order of parameters
  Migrations\20250920222544_AddAssetLookupTable.cs(105,17): info RCS1205: Order named arguments according to the order of parameters
  Migrations\20250920222544_AddAssetLookupTable.cs(112,17): info RCS1205: Order named arguments according to the order of parameters
  Migrations\20250920222544_AddAssetLookupTable.cs(118,17): info RCS1205: Order named arguments according to the order of parameters
  Migrations\20250920222544_AddAssetLookupTable.cs(126,17): info RCS1205: Order named arguments according to the order of parameters
  Migrations\20250920222544_AddAssetLookupTable.cs(147,17): info RCS1205: Order named arguments according to the order of parameters
  Migrations\20250920222544_AddAssetLookupTable.cs(162,17): info RCS1205: Order named arguments according to the order of parameters
  Migrations\20250920222544_AddAssetLookupTable.cs(168,17): info RCS1205: Order named arguments according to the order of parameters
  Migrations\20250920222544_AddAssetLookupTable.cs(174,17): info RCS1205: Order named arguments according to the order of parameters
  Migrations\20250923225435_RemoveUnusedTokenColumnsCleanup.cs(16,17): info RCS1205: Order named arguments according to the order of parameters
  Migrations\20250923225435_RemoveUnusedTokenColumnsCleanup.cs(21,17): info RCS1205: Order named arguments according to the order of parameters
  Migrations\20250923225435_RemoveUnusedTokenColumnsCleanup.cs(26,17): info RCS1205: Order named arguments according to the order of parameters
  Migrations\20250923225435_RemoveUnusedTokenColumnsCleanup.cs(31,17): info RCS1205: Order named arguments according to the order of parameters
  Migrations\20250923225435_RemoveUnusedTokenColumnsCleanup.cs(36,17): info RCS1205: Order named arguments according to the order of parameters
  Migrations\20250923225435_RemoveUnusedTokenColumnsCleanup.cs(41,17): info RCS1205: Order named arguments according to the order of parameters
  Migrations\20250923225435_RemoveUnusedTokenColumnsCleanup.cs(47,17): info RCS1205: Order named arguments according to the order of parameters
  Migrations\20250923225435_RemoveUnusedTokenColumnsCleanup.cs(53,17): info RCS1205: Order named arguments according to the order of parameters
  Migrations\20250923225435_RemoveUnusedTokenColumnsCleanup.cs(62,17): info RCS1205: Order named arguments according to the order of parameters
  Migrations\20250923225435_RemoveUnusedTokenColumnsCleanup.cs(81,17): info RCS1205: Order named arguments according to the order of parameters
  Migrations\20250923225435_RemoveUnusedTokenColumnsCleanup.cs(87,17): info RCS1205: Order named arguments according to the order of parameters
  Migrations\20250923225435_RemoveUnusedTokenColumnsCleanup.cs(102,17): info RCS1205: Order named arguments according to the order of parameters
  Migrations\20250923225435_RemoveUnusedTokenColumnsCleanup.cs(107,17): info RCS1205: Order named arguments according to the order of parameters
  Migrations\20250923225435_RemoveUnusedTokenColumnsCleanup.cs(113,17): info RCS1205: Order named arguments according to the order of parameters
  Migrations\20250923225435_RemoveUnusedTokenColumnsCleanup.cs(119,17): info RCS1205: Order named arguments according to the order of parameters
  Migrations\20250923225435_RemoveUnusedTokenColumnsCleanup.cs(126,17): info RCS1205: Order named arguments according to the order of parameters
  Migrations\20250923225435_RemoveUnusedTokenColumnsCleanup.cs(134,17): info RCS1205: Order named arguments according to the order of parameters
  Migrations\20250923225435_RemoveUnusedTokenColumnsCleanup.cs(142,17): info RCS1205: Order named arguments according to the order of parameters
  Migrations\20250923225435_RemoveUnusedTokenColumnsCleanup.cs(149,17): info RCS1205: Order named arguments according to the order of parameters
  Migrations\20250924140533_RemoveSessionDescriptionColumn.cs(15,17): info RCS1205: Order named arguments according to the order of parameters
  Migrations\20250924140533_RemoveSessionDescriptionColumn.cs(24,17): info RCS1205: Order named arguments according to the order of parameters
  Migrations\20250924142435_RemoveSessionTitleColumn.cs(15,17): info RCS1205: Order named arguments according to the order of parameters
  Migrations\20250924142435_RemoveSessionTitleColumn.cs(24,17): info RCS1205: Order named arguments according to the order of parameters
  Migrations\20250925102627_Remove_HostAuthToken.cs(16,17): info RCS1205: Order named arguments according to the order of parameters
  Migrations\20250925102627_Remove_HostAuthToken.cs(26,17): info RCS1205: Order named arguments according to the order of parameters
  Migrations\20250928085655_AddSchedulingFields.cs(15,17): info RCS1205: Order named arguments according to the order of parameters
  Migrations\20250928085655_AddSchedulingFields.cs(23,17): info RCS1205: Order named arguments according to the order of parameters
  Migrations\20250928085655_AddSchedulingFields.cs(31,17): info RCS1205: Order named arguments according to the order of parameters
  Migrations\20250928085655_AddSchedulingFields.cs(43,17): info RCS1205: Order named arguments according to the order of parameters
  Migrations\20250928085655_AddSchedulingFields.cs(48,17): info RCS1205: Order named arguments according to the order of parameters
  Migrations\20250928085655_AddSchedulingFields.cs(53,17): info RCS1205: Order named arguments according to the order of parameters
  Services\HtmlParsingService.cs(252,17): info RCS1212: Remove redundant assignment
  Services\HtmlParsingService.cs(345,13): info RCS1212: Remove redundant assignment
  Controllers\AdminController.cs(281,31): info RCS1213: Remove unused method declaration
  Controllers\ParticipantController.cs(668,56): info RCS1213: Remove unused method declaration
  Services\SessionStateService.cs(15,30): info RCS1213: Remove unused const declaration
  Controllers\HostController.cs(487,45): info RCS1214: Unnecessary interpolated string
  Controllers\HostController.cs(525,48): info RCS1214: Unnecessary interpolated string
  Program.cs(308,41): info RCS1214: Unnecessary interpolated string
  Services\AssetProcessingService.cs(319,16): info RCS1214: Unnecessary interpolated string
  Controllers\AssetShareTestController.cs(160,17): info RCS1239: Use 'for' statement instead of 'while' statement
  Program.cs(488,30): info RCS1251: Remove unnecessary braces
  Services\HostSessionService.cs(161,17): info RCS1259: Remove empty 'else' clause
  Services\HostSessionService.cs(200,17): info RCS1259: Remove empty 'else' clause
  Services\ScreenshotAnalysisService.cs(124,35): info RCS1266: Use raw string literal
  Services\UnifiedHtmlTransformService.cs(154,20): info RCS1266: Use raw string literal
  Models\Debug\DebugModels.cs(22,9): warning SA1514: Element documentation header should be preceded by blank line
  Models\Debug\DebugModels.cs(24,9): warning SA1514: Element documentation header should be preceded by blank line
  Models\Debug\IDebugAction.cs(22,9): warning SA1514: Element documentation header should be preceded by blank line
  Models\Debug\IDebugAction.cs(24,9): warning SA1514: Element documentation header should be preceded by blank line
  Models\Debug\IDebugAction.cs(26,9): warning SA1514: Element documentation header should be preceded by blank line
  Configuration\CountriesOptions.cs(8,29): warning SA1600: Elements should be documented
  Controllers\AdminController.cs(12,18): warning SA1600: Elements should be documented
  Controllers\AdminController.cs(18,16): warning SA1600: Elements should be documented
  Controllers\AdminController.cs(26,42): warning SA1600: Elements should be documented
  Controllers\AdminController.cs(72,42): warning SA1600: Elements should be documented
  Controllers\AdminController.cs(136,42): warning SA1600: Elements should be documented
  Controllers\AdminController.cs(170,42): warning SA1600: Elements should be documented
  Controllers\AdminController.cs(217,42): warning SA1600: Elements should be documented
  Controllers\AdminController.cs(289,18): warning SA1600: Elements should be documented
  Controllers\AdminController.cs(291,23): warning SA1600: Elements should be documented
  Controllers\AdminController.cs(294,18): warning SA1600: Elements should be documented
  Controllers\AdminController.cs(296,21): warning SA1600: Elements should be documented
  Controllers\AdminController.cs(297,23): warning SA1600: Elements should be documented
  Controllers\AdminController.cs(298,25): warning SA1600: Elements should be documented
  Controllers\AdminController.cs(299,23): warning SA1600: Elements should be documented
  Controllers\AdminController.cs(302,18): warning SA1600: Elements should be documented
  Controllers\AdminController.cs(304,20): warning SA1600: Elements should be documented
  Controllers\AdminController.cs(305,23): warning SA1600: Elements should be documented
  Controllers\AdminController.cs(306,23): warning SA1600: Elements should be documented
  Controllers\AdminController.cs(307,20): warning SA1600: Elements should be documented
  Controllers\AdminController.cs(308,25): warning SA1600: Elements should be documented
  Controllers\AdminController.cs(309,23): warning SA1600: Elements should be documented
  Controllers\AdminController.cs(312,18): warning SA1600: Elements should be documented
  Controllers\AdminController.cs(314,23): warning SA1600: Elements should be documented
  Controllers\AdminController.cs(315,23): warning SA1600: Elements should be documented
  Controllers\AdminController.cs(316,23): warning SA1600: Elements should be documented
  Controllers\AdminController.cs(317,23): warning SA1600: Elements should be documented
  Controllers\AdminController.cs(318,25): warning SA1600: Elements should be documented
  Controllers\AdminController.cs(319,21): warning SA1600: Elements should be documented
  Controllers\AdminController.cs(322,18): warning SA1600: Elements should be documented
  Controllers\AdminController.cs(324,20): warning SA1600: Elements should be documented
  Controllers\AdminController.cs(325,23): warning SA1600: Elements should be documented
  Controllers\AdminController.cs(326,23): warning SA1600: Elements should be documented
  Controllers\AdminController.cs(327,23): warning SA1600: Elements should be documented
  Controllers\AdminController.cs(328,20): warning SA1600: Elements should be documented
  Controllers\AdminController.cs(329,21): warning SA1600: Elements should be documented
  Controllers\AdminController.cs(330,25): warning SA1600: Elements should be documented
  Controllers\AdminController.cs(331,26): warning SA1600: Elements should be documented
  Controllers\AdminController.cs(332,26): warning SA1600: Elements should be documented
  Controllers\AdminController.cs(333,25): warning SA1600: Elements should be documented
  Controllers\AdminController.cs(334,23): warning SA1600: Elements should be documented
  Controllers\AdminController.cs(335,23): warning SA1600: Elements should be documented
  Controllers\AdminController.cs(338,18): warning SA1600: Elements should be documented
  Controllers\AdminController.cs(340,23): warning SA1600: Elements should be documented
  Controllers\AdminController.cs(341,23): warning SA1600: Elements should be documented
  Controllers\AdminController.cs(342,23): warning SA1600: Elements should be documented
  Controllers\AdminController.cs(343,23): warning SA1600: Elements should be documented
  Controllers\AdminController.cs(344,23): warning SA1600: Elements should be documented
  Controllers\AdminController.cs(345,25): warning SA1600: Elements should be documented
  Controllers\AdminController.cs(346,25): warning SA1600: Elements should be documented
  Controllers\AdminController.cs(347,21): warning SA1600: Elements should be documented
  Controllers\AdminController.cs(348,26): warning SA1600: Elements should be documented
  Controllers\AdminController.cs(351,18): warning SA1600: Elements should be documented
  Controllers\AdminController.cs(353,42): warning SA1600: Elements should be documented
  Controllers\AdminController.cs(354,20): warning SA1600: Elements should be documented
  Controllers\AdminController.cs(355,20): warning SA1600: Elements should be documented
  Controllers\AdminController.cs(356,20): warning SA1600: Elements should be documented
  Controllers\AdminController.cs(357,20): warning SA1600: Elements should be documented
  Controllers\AdminController.cs(360,18): warning SA1600: Elements should be documented
  Controllers\AdminController.cs(362,39): warning SA1600: Elements should be documented
  Controllers\AdminController.cs(363,20): warning SA1600: Elements should be documented
  Controllers\AdminController.cs(364,20): warning SA1600: Elements should be documented
  Controllers\AdminController.cs(365,20): warning SA1600: Elements should be documented
  Controllers\AdminController.cs(366,20): warning SA1600: Elements should be documented
  Controllers\AnnotationsController.cs(9,18): warning SA1600: Elements should be documented
  Controllers\AnnotationsController.cs(14,16): warning SA1600: Elements should be documented
  Controllers\AnnotationsController.cs(243,18): warning SA1600: Elements should be documented
  Controllers\AnnotationsController.cs(247,20): warning SA1600: Elements should be documented
  Controllers\AnnotationsController.cs(251,23): warning SA1600: Elements should be documented
  Controllers\AnnotationsController.cs(254,23): warning SA1600: Elements should be documented
  Controllers\AnnotationsController.cs(257,18): warning SA1600: Elements should be documented
  Controllers\AnnotationsController.cs(261,23): warning SA1600: Elements should be documented
  Controllers\AnnotationsController.cs(264,23): warning SA1600: Elements should be documented
  Controllers\AssetShareTestController.cs(10,14): warning SA1600: Elements should be documented
  Controllers\AssetShareTestController.cs(16,12): warning SA1600: Elements should be documented
  Controllers\AssetShareTestController.cs(27,38): warning SA1600: Elements should be documented
  Controllers\AssetShareTestController.cs(68,38): warning SA1600: Elements should be documented
  Controllers\AssetShareTestController.cs(191,14): warning SA1600: Elements should be documented
  Controllers\AssetShareTestController.cs(193,16): warning SA1600: Elements should be documented
  Controllers\AssetShareTestController.cs(194,20): warning SA1600: Elements should be documented
  Controllers\AssetShareTestController.cs(197,14): warning SA1600: Elements should be documented
  Controllers\AssetShareTestController.cs(199,17): warning SA1600: Elements should be documented
  Controllers\AssetShareTestController.cs(200,19): warning SA1600: Elements should be documented
  Controllers\AssetShareTestController.cs(201,16): warning SA1600: Elements should be documented
  Controllers\AssetShareTestController.cs(202,16): warning SA1600: Elements should be documented
  Controllers\AssetShareTestController.cs(203,21): warning SA1600: Elements should be documented
  Controllers\AssetShareTestController.cs(206,14): warning SA1600: Elements should be documented
  Controllers\AssetShareTestController.cs(208,16): warning SA1600: Elements should be documented
  Controllers\AssetShareTestController.cs(211,14): warning SA1600: Elements should be documented
  Controllers\AssetShareTestController.cs(213,17): warning SA1600: Elements should be documented
  Controllers\AssetShareTestController.cs(214,19): warning SA1600: Elements should be documented
  Controllers\AssetShareTestController.cs(215,16): warning SA1600: Elements should be documented
  Controllers\AssetShareTestController.cs(216,16): warning SA1600: Elements should be documented
  Controllers\AssetShareTestController.cs(217,16): warning SA1600: Elements should be documented
  Controllers\AssetShareTestController.cs(218,21): warning SA1600: Elements should be documented
  Controllers\HealthController.cs(10,14): warning SA1600: Elements should be documented
  Controllers\HealthController.cs(15,12): warning SA1600: Elements should be documented
  Controllers\HealthController.cs(22,38): warning SA1600: Elements should be documented
  Controllers\HealthController.cs(72,38): warning SA1600: Elements should be documented
  Controllers\HostController.cs(34,16): warning SA1600: Elements should be documented
  Controllers\HostController.cs(46,30): warning SA1600: Elements should be documented
  Controllers\HostController.cs(98,30): warning SA1600: Elements should be documented
  Controllers\HostController.cs(140,42): warning SA1600: Elements should be documented
  Controllers\HostController.cs(280,42): warning SA1600: Elements should be documented
  Controllers\HostController.cs(387,42): warning SA1600: Elements should be documented
  Controllers\HostController.cs(427,42): warning SA1600: Elements should be documented
  Controllers\HostController.cs(466,42): warning SA1600: Elements should be documented
  Controllers\HostController.cs(504,42): warning SA1600: Elements should be documented
  Controllers\HostController.cs(541,42): warning SA1600: Elements should be documented
  Controllers\HostController.cs(585,42): warning SA1600: Elements should be documented
  Controllers\HostController.cs(646,30): warning SA1600: Elements should be documented
  Controllers\HostController.cs(755,42): warning SA1600: Elements should be documented
  Controllers\HostController.cs(809,30): warning SA1600: Elements should be documented
  Controllers\HostController.cs(834,30): warning SA1600: Elements should be documented
  Controllers\HostController.cs(1125,42): warning SA1600: Elements should be documented
  Controllers\HostController.cs(1586,21): warning SA1600: Elements should be documented
  Controllers\HostController.cs(1587,20): warning SA1600: Elements should be documented
  Controllers\HostController.cs(1588,24): warning SA1600: Elements should be documented
  Controllers\HostController.cs(1589,33): warning SA1600: Elements should be documented
  Controllers\HostController.cs(1590,24): warning SA1600: Elements should be documented
  Controllers\HostController.cs(1593,18): warning SA1600: Elements should be documented
  Controllers\HostController.cs(1595,23): warning SA1600: Elements should be documented
  Controllers\HostController.cs(1596,20): warning SA1600: Elements should be documented
  Controllers\HostController.cs(1597,20): warning SA1600: Elements should be documented
  Controllers\HostController.cs(1598,20): warning SA1600: Elements should be documented
  Controllers\HostController.cs(1601,23): warning SA1600: Elements should be documented
  Controllers\HostController.cs(1602,23): warning SA1600: Elements should be documented
  Controllers\HostController.cs(1603,21): warning SA1600: Elements should be documented
  Controllers\HostController.cs(1606,23): warning SA1600: Elements should be documented
  Controllers\HostController.cs(1607,23): warning SA1600: Elements should be documented
  Controllers\HostController.cs(1608,23): warning SA1600: Elements should be documented
  Controllers\HostController.cs(1611,18): warning SA1600: Elements should be documented
  Controllers\HostController.cs(1613,21): warning SA1600: Elements should be documented
  Controllers\HostController.cs(1614,23): warning SA1600: Elements should be documented
  Controllers\HostController.cs(1615,23): warning SA1600: Elements should be documented
  Controllers\HostController.cs(1616,25): warning SA1600: Elements should be documented
  Controllers\HostController.cs(1617,25): warning SA1600: Elements should be documented
  Controllers\HostController.cs(1620,18): warning SA1600: Elements should be documented
  Controllers\HostController.cs(1622,20): warning SA1600: Elements should be documented
  Controllers\HostController.cs(1623,23): warning SA1600: Elements should be documented
  Controllers\HostController.cs(1624,23): warning SA1600: Elements should be documented
  Controllers\HostController.cs(1625,23): warning SA1600: Elements should be documented
  Controllers\HostController.cs(1631,18): warning SA1600: Elements should be documented
  Controllers\HostController.cs(1633,20): warning SA1600: Elements should be documented
  Controllers\HostController.cs(1634,23): warning SA1600: Elements should be documented
  Controllers\HostController.cs(1635,23): warning SA1600: Elements should be documented
  Controllers\HostController.cs(1636,23): warning SA1600: Elements should be documented
  Controllers\HostController.cs(1637,21): warning SA1600: Elements should be documented
  Controllers\HostController.cs(1638,21): warning SA1600: Elements should be documented
  Controllers\HostController.cs(1639,21): warning SA1600: Elements should be documented
  Controllers\HostController.cs(1642,18): warning SA1600: Elements should be documented
  Controllers\HostController.cs(1644,20): warning SA1600: Elements should be documented
  Controllers\HostController.cs(1645,23): warning SA1600: Elements should be documented
  Controllers\HostController.cs(1646,21): warning SA1600: Elements should be documented
  Controllers\HostController.cs(1647,20): warning SA1600: Elements should be documented
  Controllers\HostController.cs(1648,20): warning SA1600: Elements should be documented
  Controllers\HostController.cs(1649,26): warning SA1600: Elements should be documented
  Controllers\HostController.cs(1652,18): warning SA1600: Elements should be documented
  Controllers\HostController.cs(1654,20): warning SA1600: Elements should be documented
  Controllers\HostController.cs(1655,23): warning SA1600: Elements should be documented
  Controllers\HostController.cs(1656,23): warning SA1600: Elements should be documented
  Controllers\HostController.cs(1657,24): warning SA1600: Elements should be documented
  Controllers\HostController.cs(1658,21): warning SA1600: Elements should be documented
  Controllers\HostController.cs(1659,21): warning SA1600: Elements should be documented
  Controllers\HostController.cs(1662,18): warning SA1600: Elements should be documented
  Controllers\HostController.cs(1664,23): warning SA1600: Elements should be documented
  Controllers\HostController.cs(1665,20): warning SA1600: Elements should be documented
  Controllers\HostController.cs(1666,26): warning SA1600: Elements should be documented
  Controllers\HostController.cs(1670,18): warning SA1600: Elements should be documented
  Controllers\HostController.cs(1672,20): warning SA1600: Elements should be documented
  Controllers\HostController.cs(1673,24): warning SA1600: Elements should be documented
  Controllers\HostController.cs(1674,33): warning SA1600: Elements should be documented
  Controllers\HostController.cs(1677,18): warning SA1600: Elements should be documented
  Controllers\HostController.cs(1679,23): warning SA1600: Elements should be documented
  Controllers\HostController.cs(1680,23): warning SA1600: Elements should be documented
  Controllers\HostController.cs(1681,43): warning SA1600: Elements should be documented
  Controllers\HostController.cs(1685,18): warning SA1600: Elements should be documented
  Controllers\HostController.cs(1687,20): warning SA1600: Elements should be documented
  Controllers\HostController.cs(1688,23): warning SA1600: Elements should be documented
  Controllers\HostController.cs(1689,24): warning SA1600: Elements should be documented
  Controllers\HostController.cs(1692,18): warning SA1600: Elements should be documented
  Controllers\HostController.cs(1694,21): warning SA1600: Elements should be documented
  Controllers\HostController.cs(1695,23): warning SA1600: Elements should be documented
  Controllers\HostController.cs(1696,41): warning SA1600: Elements should be documented
  Controllers\HostController.cs(1697,20): warning SA1600: Elements should be documented
  Controllers\HostController.cs(1698,23): warning SA1600: Elements should be documented
  Controllers\HostController.cs(1701,18): warning SA1600: Elements should be documented
  Controllers\HostController.cs(1703,23): warning SA1600: Elements should be documented
  Controllers\HostController.cs(1704,23): warning SA1600: Elements should be documented
  Controllers\HostController.cs(1705,23): warning SA1600: Elements should be documented
  Controllers\HostController.cs(1706,23): warning SA1600: Elements should be documented
  Controllers\HostController.cs(1707,20): warning SA1600: Elements should be documented
  Controllers\HostController.cs(1708,23): warning SA1600: Elements should be documented
  Controllers\HostController.cs(1709,43): warning SA1600: Elements should be documented
  Controllers\HostController.cs(1712,18): warning SA1600: Elements should be documented
  Controllers\HostController.cs(1714,20): warning SA1600: Elements should be documented
  Controllers\HostController.cs(1715,23): warning SA1600: Elements should be documented
  Controllers\HostController.cs(1716,23): warning SA1600: Elements should be documented
  Controllers\HostController.cs(1717,24): warning SA1600: Elements should be documented
  Controllers\HostController.cs(1720,18): warning SA1600: Elements should be documented
  Controllers\HostController.cs(1722,21): warning SA1600: Elements should be documented
  Controllers\HostController.cs(1723,23): warning SA1600: Elements should be documented
  Controllers\HostController.cs(1724,23): warning SA1600: Elements should be documented
  Controllers\HostController.cs(1725,23): warning SA1600: Elements should be documented
  Controllers\HostController.cs(1726,23): warning SA1600: Elements should be documented
  Controllers\HostController.cs(1727,23): warning SA1600: Elements should be documented
  Controllers\HostController.cs(1728,43): warning SA1600: Elements should be documented
  Controllers\HostController.cs(1729,25): warning SA1600: Elements should be documented
  Controllers\HostController.cs(1733,18): warning SA1600: Elements should be documented
  Controllers\HostController.cs(1735,21): warning SA1600: Elements should be documented
  Controllers\HostController.cs(1736,23): warning SA1600: Elements should be documented
  Controllers\HostController.cs(1737,23): warning SA1600: Elements should be documented
  Controllers\HostController.cs(1738,24): warning SA1600: Elements should be documented
  Controllers\HostController.cs(1739,24): warning SA1600: Elements should be documented
  Controllers\HostController.cs(1740,21): warning SA1600: Elements should be documented
  Controllers\HostController.cs(1741,25): warning SA1600: Elements should be documented
  Controllers\HostController.cs(1744,18): warning SA1600: Elements should be documented
  Controllers\HostController.cs(1746,21): warning SA1600: Elements should be documented
  Controllers\HostController.cs(1747,37): warning SA1600: Elements should be documented
  Controllers\HostController.cs(1748,20): warning SA1600: Elements should be documented
  Controllers\HostController.cs(1749,23): warning SA1600: Elements should be documented
  Controllers\HostProvisionerController.cs(11,18): warning SA1600: Elements should be documented
  Controllers\HostProvisionerController.cs(17,16): warning SA1600: Elements should be documented
  Controllers\HostProvisionerController.cs(24,42): warning SA1600: Elements should be documented
  Controllers\HostProvisionerController.cs(69,30): warning SA1600: Elements should be documented
  Controllers\HostProvisionerController.cs(87,18): warning SA1600: Elements should be documented
  Controllers\HostProvisionerController.cs(89,20): warning SA1600: Elements should be documented
  Controllers\HostProvisionerController.cs(90,24): warning SA1600: Elements should be documented
  Controllers\HostProvisionerController.cs(93,18): warning SA1600: Elements should be documented
  Controllers\HostProvisionerController.cs(95,23): warning SA1600: Elements should be documented
  Controllers\HostProvisionerController.cs(96,20): warning SA1600: Elements should be documented
  Controllers\HostProvisionerController.cs(97,23): warning SA1600: Elements should be documented
  Controllers\HostProvisionerController.cs(98,25): warning SA1600: Elements should be documented
  Controllers\HostProvisionerController.cs(99,23): warning SA1600: Elements should be documented
  Controllers\HostProvisionerController.cs(100,21): warning SA1600: Elements should be documented
  Controllers\IssueController.cs(11,14): warning SA1600: Elements should be documented
  Controllers\IssueController.cs(16,12): warning SA1600: Elements should be documented
  Controllers\IssueController.cs(192,19): warning SA1600: Elements should be documented
  Controllers\IssueController.cs(195,20): warning SA1600: Elements should be documented
  Controllers\IssueController.cs(198,20): warning SA1600: Elements should be documented
  Controllers\IssueController.cs(201,20): warning SA1600: Elements should be documented
  Controllers\IssueController.cs(203,17): warning SA1600: Elements should be documented
  Controllers\IssueController.cs(205,18): warning SA1600: Elements should be documented
  Controllers\IssueController.cs(208,20): warning SA1600: Elements should be documented
  Controllers\IssueController.cs(216,17): warning SA1600: Elements should be documented
  Controllers\IssueController.cs(217,19): warning SA1600: Elements should be documented
  Controllers\IssueController.cs(218,20): warning SA1600: Elements should be documented
  Controllers\IssueController.cs(219,19): warning SA1600: Elements should be documented
  Controllers\IssueController.cs(220,19): warning SA1600: Elements should be documented
  Controllers\IssueController.cs(221,19): warning SA1600: Elements should be documented
  Controllers\IssueController.cs(222,21): warning SA1600: Elements should be documented
  Controllers\LogsController.cs(8,14): warning SA1600: Elements should be documented
  Controllers\LogsController.cs(12,12): warning SA1600: Elements should be documented
  Controllers\LogsController.cs(18,26): warning SA1600: Elements should be documented
  Controllers\ParticipantController.cs(17,18): warning SA1600: Elements should be documented
  Controllers\ParticipantController.cs(201,42): warning SA1600: Elements should be documented
  Controllers\ParticipantController.cs(338,42): warning SA1600: Elements should be documented
  Controllers\ParticipantController.cs(469,42): warning SA1600: Elements should be documented
  Controllers\QuestionController.cs(17,18): warning SA1600: Elements should be documented
  Controllers\SessionController.cs(10,18): warning SA1600: Elements should be documented
  Controllers\SessionController.cs(16,16): warning SA1600: Elements should be documented
  Controllers\TokenController.cs(9,14): warning SA1600: Elements should be documented
  Controllers\TokenController.cs(14,12): warning SA1600: Elements should be documented
  Data\CanvasDbContext.cs(6,14): warning SA1600: Elements should be documented
  Data\CanvasDbContext.cs(8,12): warning SA1600: Elements should be documented
  Data\CanvasDbContext.cs(13,27): warning SA1600: Elements should be documented
  Data\CanvasDbContext.cs(14,31): warning SA1600: Elements should be documented
  Data\CanvasDbContext.cs(15,31): warning SA1600: Elements should be documented
  Data\CanvasDbContext.cs(16,32): warning SA1600: Elements should be documented
  Data\CanvasDbContext.cs(17,24): warning SA1600: Elements should be documented
  Data\CanvasDbContext.cs(18,32): warning SA1600: Elements should be documented
  Data\CanvasDbContext.cs(19,31): warning SA1600: Elements should be documented
  Data\CanvasDbContext.cs(20,30): warning SA1600: Elements should be documented
  Data\CanvasDbContext.cs(21,28): warning SA1600: Elements should be documented
  Data\CanvasDbContext.cs(22,34): warning SA1600: Elements should be documented
  Data\CanvasDbContext.cs(23,32): warning SA1600: Elements should be documented
  Data\CanvasDbContext.cs(24,28): warning SA1600: Elements should be documented
  Data\CanvasDbContext.cs(25,25): warning SA1600: Elements should be documented
  Data\CanvasDbContext.cs(26,31): warning SA1600: Elements should be documented
  Data\CanvasDbContext.cs(27,38): warning SA1600: Elements should be documented
  Data\KSessionsDbContext.cs(12,16): warning SA1600: Elements should be documented
  Data\KSessionsDbContext.cs(17,38): warning SA1600: Elements should be documented
  Data\KSessionsDbContext.cs(18,41): warning SA1600: Elements should be documented
  Data\KSessionsDbContext.cs(19,40): warning SA1600: Elements should be documented
  Data\KSessionsDbContext.cs(20,50): warning SA1600: Elements should be documented
  Data\KSessionsDbContext.cs(21,40): warning SA1600: Elements should be documented
  Data\KSessionsDbContext.cs(22,40): warning SA1600: Elements should be documented
  Data\SimplifiedCanvasDbContext.cs(13,12): warning SA1600: Elements should be documented
  Data\SimplifiedCanvasDbContext.cs(18,45): warning SA1600: Elements should be documented
  Data\SimplifiedCanvasDbContext.cs(19,31): warning SA1600: Elements should be documented
  Data\SimplifiedCanvasDbContext.cs(20,49): warning SA1600: Elements should be documented
  Data\SimplifiedCanvasDbContext.cs(21,31): warning SA1600: Elements should be documented
  Extensions\DebugExtensions.cs(57,16): warning SA1600: Elements should be documented
  Extensions\DebugExtensions.cs(63,29): warning SA1600: Elements should be documented
  Extensions\DebugExtensions.cs(69,41): warning SA1600: Elements should be documented
  Extensions\DebugExtensions.cs(75,29): warning SA1600: Elements should be documented
  Extensions\DebugExtensions.cs(81,27): warning SA1600: Elements should be documented
  Extensions\DebugExtensions.cs(86,29): warning SA1600: Elements should be documented
  Extensions\DebugExtensions.cs(92,29): warning SA1600: Elements should be documented
  Hubs\AnnotationHub.cs(6,18): warning SA1600: Elements should be documented
  Hubs\AnnotationHub.cs(11,16): warning SA1600: Elements should be documented
  Hubs\QAHub.cs(7,14): warning SA1600: Elements should be documented
  Hubs\QAHub.cs(12,12): warning SA1600: Elements should be documented
  Hubs\QAHub.cs(18,23): warning SA1600: Elements should be documented
  Hubs\QAHub.cs(27,23): warning SA1600: Elements should be documented
  Hubs\QAHub.cs(67,23): warning SA1600: Elements should be documented
  Hubs\SessionHub.cs(8,14): warning SA1600: Elements should be documented
  Hubs\SessionHub.cs(15,12): warning SA1600: Elements should be documented
  Hubs\SessionHub.cs(82,23): warning SA1600: Elements should be documented
  Hubs\SessionHub.cs(116,23): warning SA1600: Elements should be documented
  Hubs\SessionHub.cs(131,23): warning SA1600: Elements should be documented
  Hubs\SessionHub.cs(254,23): warning SA1600: Elements should be documented
  Hubs\SessionHub.cs(667,23): warning SA1600: Elements should be documented
  Hubs\SessionHub.cs(684,23): warning SA1600: Elements should be documented
  Hubs\TestHub.cs(5,14): warning SA1600: Elements should be documented
  Hubs\TestHub.cs(9,12): warning SA1600: Elements should be documented
  Hubs\TestHub.cs(14,23): warning SA1600: Elements should be documented
  Hubs\TestHub.cs(31,23): warning SA1600: Elements should be documented
  Hubs\TestHub.cs(108,23): warning SA1600: Elements should be documented
  Middleware\DebugMiddleware.cs(15,16): warning SA1600: Elements should be documented
  Middleware\DebugMiddleware.cs(21,27): warning SA1600: Elements should be documented
  Models\AdminSession.cs(7,14): warning SA1600: Elements should be documented
  Models\AdminSession.cs(10,17): warning SA1600: Elements should be documented
  Models\AdminSession.cs(14,19): warning SA1600: Elements should be documented
  Models\AdminSession.cs(18,19): warning SA1600: Elements should be documented
  Models\AdminSession.cs(20,21): warning SA1600: Elements should be documented
  Models\AdminSession.cs(22,21): warning SA1600: Elements should be documented
  Models\AdminSession.cs(24,22): warning SA1600: Elements should be documented
  Models\AdminSession.cs(26,17): warning SA1600: Elements should be documented
  Models\AdminSession.cs(29,20): warning SA1600: Elements should be documented
  Models\AdminSession.cs(32,20): warning SA1600: Elements should be documented
  Models\Annotation.cs(7,14): warning SA1600: Elements should be documented
  Models\Annotation.cs(10,17): warning SA1600: Elements should be documented
  Models\Annotation.cs(13,16): warning SA1600: Elements should be documented
  Models\Annotation.cs(15,21): warning SA1600: Elements should be documented
  Models\Annotation.cs(18,20): warning SA1600: Elements should be documented
  Models\Annotation.cs(21,20): warning SA1600: Elements should be documented
  Models\Annotation.cs(23,17): warning SA1600: Elements should be documented
  Models\Annotation.cs(27,28): warning SA1600: Elements should be documented
  Models\AuditLog.cs(7,14): warning SA1600: Elements should be documented
  Models\AuditLog.cs(10,17): warning SA1600: Elements should be documented
  Models\AuditLog.cs(12,21): warning SA1600: Elements should be documented
  Models\AuditLog.cs(15,20): warning SA1600: Elements should be documented
  Models\AuditLog.cs(17,17): warning SA1600: Elements should be documented
  Models\AuditLog.cs(19,18): warning SA1600: Elements should be documented
  Models\AuditLog.cs(22,20): warning SA1600: Elements should be documented
  Models\AuditLog.cs(25,20): warning SA1600: Elements should be documented
  Models\AuditLog.cs(29,29): warning SA1600: Elements should be documented
  Models\AuditLog.cs(32,26): warning SA1600: Elements should be documented
  Models\Debug\DebugModels.cs(10,18): warning SA1600: Elements should be documented
  Models\Debug\DebugModels.cs(11,16): warning SA1600: Elements should be documented
  Models\Debug\DebugModels.cs(12,16): warning SA1600: Elements should be documented
  Models\Debug\DebugModels.cs(33,23): warning SA1600: Elements should be documented
  Models\Debug\DebugModels.cs(34,21): warning SA1600: Elements should be documented
  Models\Debug\DebugModels.cs(35,23): warning SA1600: Elements should be documented
  Models\Debug\IDebugAction.cs(8,16): warning SA1600: Elements should be documented
  Models\Debug\IDebugAction.cs(9,16): warning SA1600: Elements should be documented
  Models\Debug\IDebugAction.cs(10,16): warning SA1600: Elements should be documented
  Models\Debug\IDebugAction.cs(11,14): warning SA1600: Elements should be documented
  Models\Debug\IDebugAction.cs(12,14): warning SA1600: Elements should be documented
  Models\Debug\IDebugAction.cs(31,16): warning SA1600: Elements should be documented
  Models\Debug\IDebugAction.cs(33,16): warning SA1600: Elements should be documented
  Models\DTOs\CountryFlagsDto.cs(9,19): warning SA1600: Elements should be documented
  Models\DTOs\CountryFlagsDto.cs(10,19): warning SA1600: Elements should be documented
  Models\DTOs\CountryFlagsDto.cs(11,20): warning SA1600: Elements should be documented
  Models\DTOs\CountryFlagsDto.cs(12,17): warning SA1600: Elements should be documented
  Models\DTOs\CountryFlagsDto.cs(20,17): warning SA1600: Elements should be documented
  Models\DTOs\CountryFlagsDto.cs(21,20): warning SA1600: Elements should be documented
  Models\DTOs\CountryFlagsDto.cs(22,39): warning SA1600: Elements should be documented
  Models\DTOs\CountryFlagsDto.cs(23,34): warning SA1600: Elements should be documented
  Models\DTOs\CountryFlagsDto.cs(24,16): warning SA1600: Elements should be documented
  Models\DTOs\SessionDetailsDto.cs(11,16): warning SA1600: Elements should be documented
  Models\DTOs\SessionDetailsDto.cs(12,16): warning SA1600: Elements should be documented
  Models\DTOs\SessionDetailsDto.cs(13,16): warning SA1600: Elements should be documented
  Models\DTOs\SessionDetailsDto.cs(14,19): warning SA1600: Elements should be documented
  Models\DTOs\SessionDetailsDto.cs(15,20): warning SA1600: Elements should be documented
  Models\DTOs\SessionDetailsDto.cs(16,22): warning SA1600: Elements should be documented
  Models\DTOs\SessionDetailsDto.cs(17,20): warning SA1600: Elements should be documented
  Models\DTOs\SessionDetailsDto.cs(18,17): warning SA1600: Elements should be documented
  Models\DTOs\SessionDetailsDto.cs(19,18): warning SA1600: Elements should be documented
  Models\DTOs\SessionDetailsDto.cs(20,20): warning SA1600: Elements should be documented
  Models\DTOs\SessionDetailsDto.cs(21,22): warning SA1600: Elements should be documented
  Models\DTOs\SessionDetailsDto.cs(22,22): warning SA1600: Elements should be documented
  Models\DTOs\SessionDetailsDto.cs(25,20): warning SA1600: Elements should be documented
  Models\DTOs\SessionDetailsDto.cs(26,20): warning SA1600: Elements should be documented
  Models\DTOs\SessionDetailsDto.cs(27,20): warning SA1600: Elements should be documented
  Models\DTOs\SessionDetailsDto.cs(35,17): warning SA1600: Elements should be documented
  Models\DTOs\SessionDetailsDto.cs(36,20): warning SA1600: Elements should be documented
  Models\DTOs\SessionDetailsDto.cs(37,31): warning SA1600: Elements should be documented
  Models\DTOs\SessionDetailsDto.cs(38,16): warning SA1600: Elements should be documented
  Models\HostSession.cs(7,14): warning SA1600: Elements should be documented
  Models\HostSession.cs(10,17): warning SA1600: Elements should be documented
  Models\HostSession.cs(13,16): warning SA1600: Elements should be documented
  Models\HostSession.cs(17,19): warning SA1600: Elements should be documented
  Models\HostSession.cs(19,21): warning SA1600: Elements should be documented
  Models\HostSession.cs(21,22): warning SA1600: Elements should be documented
  Models\HostSession.cs(23,22): warning SA1600: Elements should be documented
  Models\HostSession.cs(26,20): warning SA1600: Elements should be documented
  Models\HostSession.cs(28,22): warning SA1600: Elements should be documented
  Models\HostSession.cs(31,20): warning SA1600: Elements should be documented
  Models\HostSession.cs(33,17): warning SA1600: Elements should be documented
  Models\HostSession.cs(37,28): warning SA1600: Elements should be documented
  Models\HostSessionModels.cs(8,20): warning SA1600: Elements should be documented
  Models\HostSessionModels.cs(9,23): warning SA1600: Elements should be documented
  Models\HostSessionModels.cs(10,23): warning SA1600: Elements should be documented
  Models\HostSessionModels.cs(11,23): warning SA1600: Elements should be documented
  Models\HostSessionModels.cs(12,21): warning SA1600: Elements should be documented
  Models\HostSessionModels.cs(13,24): warning SA1600: Elements should be documented
  Models\HostSessionModels.cs(14,21): warning SA1600: Elements should be documented
  Models\HostSessionModels.cs(15,21): warning SA1600: Elements should be documented
  Models\HostSessionModels.cs(18,18): warning SA1600: Elements should be documented
  Models\HostSessionModels.cs(20,20): warning SA1600: Elements should be documented
  Models\HostSessionModels.cs(21,23): warning SA1600: Elements should be documented
  Models\HostSessionModels.cs(22,21): warning SA1600: Elements should be documented
  Models\HostSessionModels.cs(23,20): warning SA1600: Elements should be documented
  Models\HostSessionModels.cs(24,20): warning SA1600: Elements should be documented
  Models\HostSessionModels.cs(25,26): warning SA1600: Elements should be documented
  Models\HostSessionModels.cs(28,18): warning SA1600: Elements should be documented
  Models\HostSessionModels.cs(30,20): warning SA1600: Elements should be documented
  Models\HostSessionModels.cs(31,23): warning SA1600: Elements should be documented
  Models\HostSessionModels.cs(32,23): warning SA1600: Elements should be documented
  Models\HostSessionModels.cs(33,26): warning SA1600: Elements should be documented
  Models\HostSessionModels.cs(34,20): warning SA1600: Elements should be documented
  Models\HostSessionModels.cs(35,21): warning SA1600: Elements should be documented
  Models\HostSessionModels.cs(38,18): warning SA1600: Elements should be documented
  Models\HostSessionModels.cs(40,20): warning SA1600: Elements should be documented
  Models\HostSessionModels.cs(41,20): warning SA1600: Elements should be documented
  Models\HostSessionModels.cs(42,20): warning SA1600: Elements should be documented
  Models\HostSessionModels.cs(43,23): warning SA1600: Elements should be documented
  Models\HostSessionModels.cs(44,23): warning SA1600: Elements should be documented
  Models\HostSessionModels.cs(47,18): warning SA1600: Elements should be documented
  Models\HostSessionModels.cs(49,21): warning SA1600: Elements should be documented
  Models\HostSessionModels.cs(50,20): warning SA1600: Elements should be documented
  Models\HostSessionModels.cs(51,24): warning SA1600: Elements should be documented
  Models\HostSessionModels.cs(52,33): warning SA1600: Elements should be documented
  Models\HostSessionModels.cs(53,24): warning SA1600: Elements should be documented
  Models\HostSessionModels.cs(56,18): warning SA1600: Elements should be documented
  Models\HostSessionModels.cs(58,20): warning SA1600: Elements should be documented
  Models\HostSessionModels.cs(59,23): warning SA1600: Elements should be documented
  Models\HostSessionModels.cs(60,23): warning SA1600: Elements should be documented
  Models\HostSessionModels.cs(61,23): warning SA1600: Elements should be documented
  Models\HostSessionModels.cs(64,18): warning SA1600: Elements should be documented
  Models\HostSessionModels.cs(66,20): warning SA1600: Elements should be documented
  Models\HostSessionModels.cs(67,22): warning SA1600: Elements should be documented
  Models\HostSessionModels.cs(68,24): warning SA1600: Elements should be documented
  Models\HostSessionModels.cs(69,24): warning SA1600: Elements should be documented
  Models\HostSessionModels.cs(70,24): warning SA1600: Elements should be documented
  Models\HostSessionModels.cs(71,20): warning SA1600: Elements should be documented
  Models\HostSessionModels.cs(72,21): warning SA1600: Elements should be documented
  Models\HostSessionModels.cs(73,26): warning SA1600: Elements should be documented
  Models\HostSessionModels.cs(74,26): warning SA1600: Elements should be documented
  Models\HostSessionModels.cs(77,18): warning SA1600: Elements should be documented
  Models\HostSessionModels.cs(79,21): warning SA1600: Elements should be documented
  Models\HostSessionModels.cs(80,24): warning SA1600: Elements should be documented
  Models\HostSessionModels.cs(81,24): warning SA1600: Elements should be documented
  Models\HostSessionModels.cs(82,20): warning SA1600: Elements should be documented
  Models\HostSessionModels.cs(83,24): warning SA1600: Elements should be documented
  Models\Issue.cs(7,14): warning SA1600: Elements should be documented
  Models\Issue.cs(10,17): warning SA1600: Elements should be documented
  Models\Issue.cs(14,19): warning SA1600: Elements should be documented
  Models\Issue.cs(17,20): warning SA1600: Elements should be documented
  Models\Issue.cs(20,19): warning SA1600: Elements should be documented
  Models\Issue.cs(23,19): warning SA1600: Elements should be documented
  Models\Issue.cs(26,19): warning SA1600: Elements should be documented
  Models\Issue.cs(28,21): warning SA1600: Elements should be documented
  Models\Issue.cs(30,17): warning SA1600: Elements should be documented
  Models\Issue.cs(32,18): warning SA1600: Elements should be documented
  Models\Issue.cs(35,20): warning SA1600: Elements should be documented
  Models\Issue.cs(38,20): warning SA1600: Elements should be documented
  Models\Issue.cs(42,29): warning SA1600: Elements should be documented
  Models\Issue.cs(45,26): warning SA1600: Elements should be documented
  Models\KSessionsModels.cs(15,20): warning SA1600: Elements should be documented
  Models\KSessionsModels.cs(19,23): warning SA1600: Elements should be documented
  Models\KSessionsModels.cs(23,24): warning SA1600: Elements should be documented
  Models\KSessionsModels.cs(26,24): warning SA1600: Elements should be documented
  Models\KSessionsModels.cs(29,24): warning SA1600: Elements should be documented
  Models\KSessionsModels.cs(32,21): warning SA1600: Elements should be documented
  Models\KSessionsModels.cs(35,22): warning SA1600: Elements should be documented
  Models\KSessionsModels.cs(38,22): warning SA1600: Elements should be documented
  Models\KSessionsModels.cs(41,26): warning SA1600: Elements should be documented
  Models\KSessionsModels.cs(44,26): warning SA1600: Elements should be documented
  Models\KSessionsModels.cs(47,55): warning SA1600: Elements should be documented
  Models\KSessionsModels.cs(48,54): warning SA1600: Elements should be documented
  Models\KSessionsModels.cs(60,20): warning SA1600: Elements should be documented
  Models\KSessionsModels.cs(64,23): warning SA1600: Elements should be documented
  Models\KSessionsModels.cs(67,20): warning SA1600: Elements should be documented
  Models\KSessionsModels.cs(70,22): warning SA1600: Elements should be documented
  Models\KSessionsModels.cs(73,26): warning SA1600: Elements should be documented
  Models\KSessionsModels.cs(76,26): warning SA1600: Elements should be documented
  Models\KSessionsModels.cs(79,21): warning SA1600: Elements should be documented
  Models\KSessionsModels.cs(83,39): warning SA1600: Elements should be documented
  Models\KSessionsModels.cs(85,54): warning SA1600: Elements should be documented
  Models\KSessionsModels.cs(97,20): warning SA1600: Elements should be documented
  Models\KSessionsModels.cs(100,20): warning SA1600: Elements should be documented
  Models\KSessionsModels.cs(103,21): warning SA1600: Elements should be documented
  Models\KSessionsModels.cs(106,20): warning SA1600: Elements should be documented
  Models\KSessionsModels.cs(110,23): warning SA1600: Elements should be documented
  Models\KSessionsModels.cs(113,24): warning SA1600: Elements should be documented
  Models\KSessionsModels.cs(116,26): warning SA1600: Elements should be documented
  Models\KSessionsModels.cs(120,24): warning SA1600: Elements should be documented
  Models\KSessionsModels.cs(123,21): warning SA1600: Elements should be documented
  Models\KSessionsModels.cs(126,21): warning SA1600: Elements should be documented
  Models\KSessionsModels.cs(129,26): warning SA1600: Elements should be documented
  Models\KSessionsModels.cs(132,26): warning SA1600: Elements should be documented
  Models\KSessionsModels.cs(135,22): warning SA1600: Elements should be documented
  Models\KSessionsModels.cs(138,21): warning SA1600: Elements should be documented
  Models\KSessionsModels.cs(142,24): warning SA1600: Elements should be documented
  Models\KSessionsModels.cs(145,26): warning SA1600: Elements should be documented
  Models\KSessionsModels.cs(149,39): warning SA1600: Elements should be documented
  Models\KSessionsModels.cs(152,42): warning SA1600: Elements should be documented
  Models\KSessionsModels.cs(155,42): warning SA1600: Elements should be documented
  Models\KSessionsModels.cs(167,20): warning SA1600: Elements should be documented
  Models\KSessionsModels.cs(171,23): warning SA1600: Elements should be documented
  Models\KSessionsModels.cs(174,54): warning SA1600: Elements should be documented
  Models\KSessionsModels.cs(175,52): warning SA1600: Elements should be documented
  Models\KSESSIONS\KSessionsCountry.cs(12,20): warning SA1600: Elements should be documented
  Models\KSESSIONS\KSessionsCountry.cs(16,23): warning SA1600: Elements should be documented
  Models\KSESSIONS\KSessionsCountry.cs(19,24): warning SA1600: Elements should be documented
  Models\KSESSIONS\KSessionsCountry.cs(22,24): warning SA1600: Elements should be documented
  Models\KSESSIONS\KSessionsCountry.cs(24,21): warning SA1600: Elements should be documented
  Models\KSESSIONS\KSessionsCountry.cs(26,21): warning SA1600: Elements should be documented
  Models\KSESSIONS\KSessionsSessionTranscript.cs(14,20): warning SA1600: Elements should be documented
  Models\KSESSIONS\KSessionsSessionTranscript.cs(17,20): warning SA1600: Elements should be documented
  Models\KSESSIONS\KSessionsSessionTranscript.cs(36,41): warning SA1600: Elements should be documented
  Models\Question.cs(7,14): warning SA1600: Elements should be documented
  Models\Question.cs(10,17): warning SA1600: Elements should be documented
  Models\Question.cs(13,16): warning SA1600: Elements should be documented
  Models\Question.cs(16,17): warning SA1600: Elements should be documented
  Models\Question.cs(20,19): warning SA1600: Elements should be documented
  Models\Question.cs(22,21): warning SA1600: Elements should be documented
  Models\Question.cs(24,22): warning SA1600: Elements should be documented
  Models\Question.cs(26,16): warning SA1600: Elements should be documented
  Models\Question.cs(29,19): warning SA1600: Elements should be documented
  Models\Question.cs(33,28): warning SA1600: Elements should be documented
  Models\Question.cs(36,25): warning SA1600: Elements should be documented
  Models\Question.cs(38,48): warning SA1600: Elements should be documented
  Models\Question.cs(39,46): warning SA1600: Elements should be documented
  Models\QuestionAnswer.cs(7,14): warning SA1600: Elements should be documented
  Models\QuestionAnswer.cs(10,17): warning SA1600: Elements should be documented
  Models\QuestionAnswer.cs(13,17): warning SA1600: Elements should be documented
  Models\QuestionAnswer.cs(17,19): warning SA1600: Elements should be documented
  Models\QuestionAnswer.cs(19,21): warning SA1600: Elements should be documented
  Models\QuestionAnswer.cs(22,20): warning SA1600: Elements should be documented
  Models\QuestionAnswer.cs(26,29): warning SA1600: Elements should be documented
  Models\QuestionVote.cs(7,14): warning SA1600: Elements should be documented
  Models\QuestionVote.cs(10,17): warning SA1600: Elements should be documented
  Models\QuestionVote.cs(13,17): warning SA1600: Elements should be documented
  Models\QuestionVote.cs(15,18): warning SA1600: Elements should be documented
  Models\QuestionVote.cs(17,17): warning SA1600: Elements should be documented
  Models\QuestionVote.cs(19,21): warning SA1600: Elements should be documented
  Models\QuestionVote.cs(23,29): warning SA1600: Elements should be documented
  Models\QuestionVote.cs(26,26): warning SA1600: Elements should be documented
  Models\Registration.cs(7,14): warning SA1600: Elements should be documented
  Models\Registration.cs(10,17): warning SA1600: Elements should be documented
  Models\Registration.cs(13,16): warning SA1600: Elements should be documented
  Models\Registration.cs(16,17): warning SA1600: Elements should be documented
  Models\Registration.cs(18,21): warning SA1600: Elements should be documented
  Models\Registration.cs(22,28): warning SA1600: Elements should be documented
  Models\Registration.cs(25,25): warning SA1600: Elements should be documented
  Models\SecureToken.cs(7,14): warning SA1600: Elements should be documented
  Models\SecureToken.cs(11,16): warning SA1600: Elements should be documented
  Models\SecureToken.cs(14,16): warning SA1600: Elements should be documented
  Models\SecureToken.cs(19,19): warning SA1600: Elements should be documented
  Models\SecureToken.cs(24,19): warning SA1600: Elements should be documented
  Models\SecureToken.cs(26,21): warning SA1600: Elements should be documented
  Models\SecureToken.cs(29,21): warning SA1600: Elements should be documented
  Models\SecureToken.cs(31,17): warning SA1600: Elements should be documented
  Models\SecureToken.cs(33,16): warning SA1600: Elements should be documented
  Models\SecureToken.cs(35,22): warning SA1600: Elements should be documented
  Models\SecureToken.cs(38,20): warning SA1600: Elements should be documented
  Models\SecureToken.cs(42,28): warning SA1600: Elements should be documented
  Models\Session.cs(27,20): warning SA1600: Elements should be documented
  Models\Session.cs(29,17): warning SA1600: Elements should be documented
  Models\Session.cs(31,17): warning SA1600: Elements should be documented
  Models\Session.cs(33,22): warning SA1600: Elements should be documented
  Models\Session.cs(35,22): warning SA1600: Elements should be documented
  Models\Session.cs(37,22): warning SA1600: Elements should be documented
  Models\Session.cs(39,21): warning SA1600: Elements should be documented
  Models\Session.cs(41,21): warning SA1600: Elements should be documented
  Models\Session.cs(44,45): warning SA1600: Elements should be documented
  Models\Session.cs(45,45): warning SA1600: Elements should be documented
  Models\Session.cs(46,46): warning SA1600: Elements should be documented
  Models\Session.cs(47,45): warning SA1600: Elements should be documented
  Models\Session.cs(48,44): warning SA1600: Elements should be documented
  Models\Session.cs(49,42): warning SA1600: Elements should be documented
  Models\Session.cs(50,52): warning SA1600: Elements should be documented
  Models\SessionLink.cs(7,14): warning SA1600: Elements should be documented
  Models\SessionLink.cs(10,17): warning SA1600: Elements should be documented
  Models\SessionLink.cs(13,16): warning SA1600: Elements should be documented
  Models\SessionLink.cs(16,17): warning SA1600: Elements should be documented
  Models\SessionLink.cs(18,17): warning SA1600: Elements should be documented
  Models\SessionLink.cs(20,22): warning SA1600: Elements should be documented
  Models\SessionLink.cs(22,16): warning SA1600: Elements should be documented
  Models\SessionLink.cs(24,21): warning SA1600: Elements should be documented
  Models\SessionLink.cs(28,28): warning SA1600: Elements should be documented
  Models\SessionParticipant.cs(7,14): warning SA1600: Elements should be documented
  Models\SessionParticipant.cs(10,17): warning SA1600: Elements should be documented
  Models\SessionParticipant.cs(13,16): warning SA1600: Elements should be documented
  Models\SessionParticipant.cs(17,19): warning SA1600: Elements should be documented
  Models\SessionParticipant.cs(20,20): warning SA1600: Elements should be documented
  Models\SessionParticipant.cs(22,22): warning SA1600: Elements should be documented
  Models\SessionParticipant.cs(24,22): warning SA1600: Elements should be documented
  Models\SessionParticipant.cs(26,21): warning SA1600: Elements should be documented
  Models\SessionParticipant.cs(28,21): warning SA1600: Elements should be documented
  Models\SessionParticipant.cs(32,28): warning SA1600: Elements should be documented
  Models\SharedAsset.cs(7,14): warning SA1600: Elements should be documented
  Models\SharedAsset.cs(10,17): warning SA1600: Elements should be documented
  Models\SharedAsset.cs(13,16): warning SA1600: Elements should be documented
  Models\SharedAsset.cs(15,21): warning SA1600: Elements should be documented
  Models\SharedAsset.cs(18,20): warning SA1600: Elements should be documented
  Models\SharedAsset.cs(22,20): warning SA1600: Elements should be documented
  Models\SharedAsset.cs(26,20): warning SA1600: Elements should be documented
  Models\SharedAsset.cs(28,17): warning SA1600: Elements should be documented
  Models\SharedAsset.cs(31,20): warning SA1600: Elements should be documented
  Models\SharedAsset.cs(35,28): warning SA1600: Elements should be documented
  Models\Simplified\Participant.cs(7,14): warning SA1600: Elements should be documented
  Models\Simplified\Participant.cs(10,16): warning SA1600: Elements should be documented
  Models\Simplified\Participant.cs(13,16): warning SA1600: Elements should be documented
  Models\Simplified\Participant.cs(18,19): warning SA1600: Elements should be documented
  Models\Simplified\Participant.cs(21,20): warning SA1600: Elements should be documented
  Models\Simplified\Participant.cs(24,20): warning SA1600: Elements should be documented
  Models\Simplified\Participant.cs(27,20): warning SA1600: Elements should be documented
  Models\Simplified\Participant.cs(30,20): warning SA1600: Elements should be documented
  Models\Simplified\Participant.cs(33,20): warning SA1600: Elements should be documented
  Models\Simplified\Participant.cs(35,21): warning SA1600: Elements should be documented
  Models\Simplified\Participant.cs(36,22): warning SA1600: Elements should be documented
  Models\Simplified\Participant.cs(40,28): warning SA1600: Elements should be documented
  Models\Simplified\ParticipantRegistrationRequest.cs(5,14): warning SA1600: Elements should be documented
  Models\Simplified\ParticipantRegistrationRequest.cs(9,19): warning SA1600: Elements should be documented
  Models\Simplified\ParticipantRegistrationRequest.cs(13,19): warning SA1600: Elements should be documented
  Models\Simplified\ParticipantRegistrationRequest.cs(18,19): warning SA1600: Elements should be documented
  Models\Simplified\ParticipantRegistrationRequest.cs(22,19): warning SA1600: Elements should be documented
  Models\Simplified\Session.cs(7,14): warning SA1600: Elements should be documented
  Models\Simplified\Session.cs(24,19): warning SA1600: Elements should be documented
  Models\Simplified\Session.cs(27,19): warning SA1600: Elements should be documented
  Models\Simplified\Session.cs(38,19): warning SA1600: Elements should be documented
  Models\Simplified\Session.cs(40,21): warning SA1600: Elements should be documented
  Models\Simplified\Session.cs(41,22): warning SA1600: Elements should be documented
  Models\Simplified\Session.cs(45,20): warning SA1600: Elements should be documented
  Models\Simplified\Session.cs(48,22): warning SA1600: Elements should be documented
  Models\Simplified\Session.cs(49,22): warning SA1600: Elements should be documented
  Models\Simplified\Session.cs(50,21): warning SA1600: Elements should be documented
  Models\Simplified\Session.cs(51,17): warning SA1600: Elements should be documented
  Models\Simplified\Session.cs(52,17): warning SA1600: Elements should be documented
  Models\Simplified\Session.cs(56,20): warning SA1600: Elements should be documented
  Models\Simplified\Session.cs(59,20): warning SA1600: Elements should be documented
  Models\Simplified\Session.cs(62,20): warning SA1600: Elements should be documented
  Models\Simplified\Session.cs(71,45): warning SA1600: Elements should be documented
  Models\Simplified\Session.cs(72,45): warning SA1600: Elements should be documented
  Models\Simplified\SessionAsset.cs(135,25): warning SA1600: Elements should be documented
  Models\Simplified\SessionAsset.cs(136,25): warning SA1600: Elements should be documented
  Models\Simplified\SessionAsset.cs(137,25): warning SA1600: Elements should be documented
  Models\Simplified\SessionAsset.cs(138,25): warning SA1600: Elements should be documented
  Models\Simplified\SessionAsset.cs(141,25): warning SA1600: Elements should be documented
  Models\Simplified\SessionAsset.cs(142,25): warning SA1600: Elements should be documented
  Models\Simplified\SessionAsset.cs(143,25): warning SA1600: Elements should be documented
  Models\Simplified\SessionAsset.cs(144,25): warning SA1600: Elements should be documented
  Models\Simplified\SessionAsset.cs(182,17): warning SA1600: Elements should be documented
  Models\Simplified\SessionAsset.cs(183,19): warning SA1600: Elements should be documented
  Models\Simplified\SessionAsset.cs(184,20): warning SA1600: Elements should be documented
  Models\Simplified\SessionAsset.cs(185,16): warning SA1600: Elements should be documented
  Models\Simplified\SessionAsset.cs(186,16): warning SA1600: Elements should be documented
  Models\Simplified\SessionAsset.cs(187,17): warning SA1600: Elements should be documented
  Models\Simplified\SessionAsset.cs(188,17): warning SA1600: Elements should be documented
  Models\Simplified\SessionAsset.cs(189,22): warning SA1600: Elements should be documented
  Models\Simplified\SessionAsset.cs(190,16): warning SA1600: Elements should be documented
  Models\Simplified\SessionAsset.cs(218,16): warning SA1600: Elements should be documented
  Models\Simplified\SessionAsset.cs(219,16): warning SA1600: Elements should be documented
  Models\Simplified\SessionAsset.cs(220,16): warning SA1600: Elements should be documented
  Models\Simplified\SessionAsset.cs(221,36): warning SA1600: Elements should be documented
  Models\Simplified\SessionAsset.cs(222,34): warning SA1600: Elements should be documented
  Models\Simplified\SessionAsset.cs(223,20): warning SA1600: Elements should be documented
  Models\Simplified\SessionData.cs(7,14): warning SA1600: Elements should be documented
  Models\Simplified\SessionData.cs(10,16): warning SA1600: Elements should be documented
  Models\Simplified\SessionData.cs(13,16): warning SA1600: Elements should be documented
  Models\Simplified\SessionData.cs(16,19): warning SA1600: Elements should be documented
  Models\Simplified\SessionData.cs(19,20): warning SA1600: Elements should be documented
  Models\Simplified\SessionData.cs(22,20): warning SA1600: Elements should be documented
  Models\Simplified\SessionData.cs(24,21): warning SA1600: Elements should be documented
  Models\Simplified\SessionData.cs(25,17): warning SA1600: Elements should be documented
  Models\Simplified\SessionData.cs(29,20): warning SA1600: Elements should be documented
  Models\Simplified\SessionData.cs(36,20): warning SA1600: Elements should be documented
  Models\Simplified\SessionData.cs(44,28): warning SA1600: Elements should be documented
  Models\Simplified\SessionData.cs(48,21): warning SA1600: Elements should be documented
  Models\Simplified\SessionData.cs(50,25): warning SA1600: Elements should be documented
  Models\Simplified\SessionData.cs(51,25): warning SA1600: Elements should be documented
  Models\Simplified\SessionData.cs(52,25): warning SA1600: Elements should be documented
  Models\Simplified\SessionData.cs(53,25): warning SA1600: Elements should be documented
  Models\Simplified\SessionData.cs(54,25): warning SA1600: Elements should be documented
  Models\User.cs(7,14): warning SA1600: Elements should be documented
  Models\User.cs(10,17): warning SA1600: Elements should be documented
  Models\User.cs(13,20): warning SA1600: Elements should be documented
  Models\User.cs(16,20): warning SA1600: Elements should be documented
  Models\User.cs(18,21): warning SA1600: Elements should be documented
  Models\User.cs(20,21): warning SA1600: Elements should be documented
  Models\User.cs(22,21): warning SA1600: Elements should be documented
  Models\User.cs(24,21): warning SA1600: Elements should be documented
  Models\User.cs(26,17): warning SA1600: Elements should be documented
  Models\User.cs(28,22): warning SA1600: Elements should be documented
  Models\User.cs(31,19): warning SA1600: Elements should be documented
  Models\User.cs(34,46): warning SA1600: Elements should be documented
  Models\User.cs(35,42): warning SA1600: Elements should be documented
  Models\User.cs(36,46): warning SA1600: Elements should be documented
  Pages\Error.cshtml.cs(14,18): warning SA1600: Elements should be documented
  Pages\Error.cshtml.cs(16,23): warning SA1600: Elements should be documented
  Pages\Error.cshtml.cs(18,21): warning SA1600: Elements should be documented
  Pages\Error.cshtml.cs(22,16): warning SA1600: Elements should be documented
  Pages\Error.cshtml.cs(27,21): warning SA1600: Elements should be documented
  Services\AnnotationService.cs(8,22): warning SA1600: Elements should be documented
  Services\AnnotationService.cs(10,39): warning SA1600: Elements should be documented
  Services\AnnotationService.cs(11,26): warning SA1600: Elements should be documented
  Services\AnnotationService.cs(12,20): warning SA1600: Elements should be documented
  Services\AnnotationService.cs(13,20): warning SA1600: Elements should be documented
  Services\AnnotationService.cs(14,14): warning SA1600: Elements should be documented
  Services\AnnotationService.cs(17,18): warning SA1600: Elements should be documented
  Services\AnnotationService.cs(22,16): warning SA1600: Elements should be documented
  Services\AssetDetectionService.cs(17,12): warning SA1600: Elements should be documented
  Services\AssetDetectorService.cs(15,12): warning SA1600: Elements should be documented
  Services\AssetDetectorService.cs(251,16): warning SA1600: Elements should be documented
  Services\AssetDetectorService.cs(252,27): warning SA1600: Elements should be documented
  Services\AssetDetectorService.cs(260,19): warning SA1600: Elements should be documented
  Services\AssetDetectorService.cs(261,19): warning SA1600: Elements should be documented
  Services\AssetDetectorService.cs(262,19): warning SA1600: Elements should be documented
  Services\AssetDetectorService.cs(263,16): warning SA1600: Elements should be documented
  Services\AssetDetectorService.cs(271,19): warning SA1600: Elements should be documented
  Services\AssetDetectorService.cs(272,19): warning SA1600: Elements should be documented
  Services\AssetDetectorService.cs(273,39): warning SA1600: Elements should be documented
  Services\AssetHtmlProcessingService.cs(83,16): warning SA1600: Elements should be documented
  Services\AssetHtmlProcessingService.cs(572,18): warning SA1600: Elements should be documented
  Services\AssetHtmlProcessingService.cs(574,23): warning SA1600: Elements should be documented
  Services\AssetHtmlProcessingService.cs(575,23): warning SA1600: Elements should be documented
  Services\AssetHtmlProcessingService.cs(576,23): warning SA1600: Elements should be documented
  Services\AssetHtmlProcessingService.cs(577,23): warning SA1600: Elements should be documented
  Services\AssetHtmlProcessingService.cs(578,20): warning SA1600: Elements should be documented
  Services\AssetHtmlProcessingService.cs(579,23): warning SA1600: Elements should be documented
  Services\AssetHtmlProcessingService.cs(582,18): warning SA1600: Elements should be documented
  Services\AssetHtmlProcessingService.cs(584,23): warning SA1600: Elements should be documented
  Services\AssetHtmlProcessingService.cs(585,36): warning SA1600: Elements should be documented
  Services\AssetHtmlProcessingService.cs(586,35): warning SA1600: Elements should be documented
  Services\AssetHtmlProcessingService.cs(589,18): warning SA1600: Elements should be documented
  Services\AssetHtmlProcessingService.cs(591,23): warning SA1600: Elements should be documented
  Services\AssetHtmlProcessingService.cs(592,23): warning SA1600: Elements should be documented
  Services\AssetHtmlProcessingService.cs(593,23): warning SA1600: Elements should be documented
  Services\AssetHtmlProcessingService.cs(594,23): warning SA1600: Elements should be documented
  Services\AssetHtmlProcessingService.cs(595,25): warning SA1600: Elements should be documented
  Services\AssetHtmlProcessingService.cs(596,20): warning SA1600: Elements should be documented
  Services\AssetHtmlProcessingService.cs(597,43): warning SA1600: Elements should be documented
  Services\AssetHtmlProcessingService.cs(598,25): warning SA1600: Elements should be documented
  Services\AssetHtmlProcessingService.cs(601,18): warning SA1600: Elements should be documented
  Services\AssetHtmlProcessingService.cs(603,23): warning SA1600: Elements should be documented
  Services\AssetHtmlProcessingService.cs(604,23): warning SA1600: Elements should be documented
  Services\AssetHtmlProcessingService.cs(605,23): warning SA1600: Elements should be documented
  Services\AssetHtmlProcessingService.cs(606,23): warning SA1600: Elements should be documented
  Services\AssetHtmlProcessingService.cs(607,29): warning SA1600: Elements should be documented
  Services\AssetHtmlProcessingService.cs(608,43): warning SA1600: Elements should be documented
  Services\AssetHtmlProcessingService.cs(609,25): warning SA1600: Elements should be documented
  Services\AssetHtmlProcessingService.cs(612,18): warning SA1600: Elements should be documented
  Services\AssetHtmlProcessingService.cs(614,21): warning SA1600: Elements should be documented
  Services\AssetHtmlProcessingService.cs(615,23): warning SA1600: Elements should be documented
  Services\AssetHtmlProcessingService.cs(616,20): warning SA1600: Elements should be documented
  Services\AssetHtmlProcessingService.cs(617,25): warning SA1600: Elements should be documented
  Services\AssetHtmlProcessingService.cs(618,20): warning SA1600: Elements should be documented
  Services\AssetHtmlProcessingService.cs(619,40): warning SA1600: Elements should be documented
  Services\ConfigurableLoadingService.cs(14,21): warning SA1600: Elements should be documented
  Services\ConfigurableLoadingService.cs(23,21): warning SA1600: Elements should be documented
  Services\DebugService.cs(20,16): warning SA1600: Elements should be documented
  Services\DebugService.cs(371,16): warning SA1600: Elements should be documented
  Services\DebugService.cs(385,25): warning SA1600: Elements should be documented
  Services\DebugService.cs(387,23): warning SA1600: Elements should be documented
  Services\DebugService.cs(405,20): warning SA1600: Elements should be documented
  Services\DebugService.cs(406,40): warning SA1600: Elements should be documented
  Services\DebugService.cs(407,43): warning SA1600: Elements should be documented
  Services\DebugService.cs(408,39): warning SA1600: Elements should be documented
  Services\DebugService.cs(409,20): warning SA1600: Elements should be documented
  Services\DebugService.cs(410,25): warning SA1600: Elements should be documented
  Services\DebugService.cs(412,23): warning SA1600: Elements should be documented
  Services\DebugService.cs(413,20): warning SA1600: Elements should be documented
  Services\DebugService.cs(414,23): warning SA1600: Elements should be documented
  Services\DebugService.cs(423,23): warning SA1600: Elements should be documented
  Services\DebugService.cs(424,23): warning SA1600: Elements should be documented
  Services\DebugService.cs(425,20): warning SA1600: Elements should be documented
  Services\DebugService.cs(426,25): warning SA1600: Elements should be documented
  Services\DebugService.cs(427,23): warning SA1600: Elements should be documented
  Services\Development\DevModeService.cs(36,16): warning SA1600: Elements should be documented
  Services\Development\TestDataService.cs(33,16): warning SA1600: Elements should be documented
  Services\DialogService.cs(7,18): warning SA1600: Elements should be documented
  Services\DialogService.cs(15,16): warning SA1600: Elements should be documented
  Services\DialogService.cs(21,27): warning SA1600: Elements should be documented
  Services\DialogService.cs(42,21): warning SA1600: Elements should be documented
  Services\DialogService.cs(48,27): warning SA1600: Elements should be documented
  Services\DialogService.cs(96,27): warning SA1600: Elements should be documented
  Services\DialogService.cs(101,27): warning SA1600: Elements should be documented
  Services\DialogService.cs(106,27): warning SA1600: Elements should be documented
  Services\DialogService.cs(111,33): warning SA1600: Elements should be documented
  Services\DialogService.cs(119,33): warning SA1600: Elements should be documented
  Services\DialogService.cs(124,33): warning SA1600: Elements should be documented
  Services\HostAssetService.cs(18,16): warning SA1600: Elements should be documented
  Services\HostAssetService.cs(192,22): warning SA1600: Elements should be documented
  Services\HostAssetService.cs(194,25): warning SA1600: Elements should be documented
  Services\HostAssetService.cs(195,27): warning SA1600: Elements should be documented
  Services\HostAssetService.cs(196,27): warning SA1600: Elements should be documented
  Services\HostAssetService.cs(197,25): warning SA1600: Elements should be documented
  Services\HostAssetService.cs(198,25): warning SA1600: Elements should be documented
  Services\HostAssetService.cs(199,30): warning SA1600: Elements should be documented
  Services\HostAssetService.cs(202,22): warning SA1600: Elements should be documented
  Services\HostAssetService.cs(204,24): warning SA1600: Elements should be documented
  Services\HostAssetService.cs(205,24): warning SA1600: Elements should be documented
  Services\HostAssetService.cs(206,24): warning SA1600: Elements should be documented
  Services\HostAssetService.cs(207,44): warning SA1600: Elements should be documented
  Services\HostAssetService.cs(208,42): warning SA1600: Elements should be documented
  Services\HostAssetService.cs(209,28): warning SA1600: Elements should be documented
  Services\HostAssetService.cs(212,22): warning SA1600: Elements should be documented
  Services\HostAssetService.cs(214,25): warning SA1600: Elements should be documented
  Services\HostAssetService.cs(215,27): warning SA1600: Elements should be documented
  Services\HostAssetService.cs(216,28): warning SA1600: Elements should be documented
  Services\HostAssetService.cs(217,28): warning SA1600: Elements should be documented
  Services\HostAssetService.cs(218,27): warning SA1600: Elements should be documented
  Services\HostAssetService.cs(219,25): warning SA1600: Elements should be documented
  Services\HostAssetService.cs(222,22): warning SA1600: Elements should be documented
  Services\HostAssetService.cs(224,25): warning SA1600: Elements should be documented
  Services\HostAssetService.cs(225,28): warning SA1600: Elements should be documented
  Services\HostAssetService.cs(226,39): warning SA1600: Elements should be documented
  Services\HostAssetService.cs(227,24): warning SA1600: Elements should be documented
  Services\HostAssetService.cs(230,22): warning SA1600: Elements should be documented
  Services\HostAssetService.cs(232,24): warning SA1600: Elements should be documented
  Services\HostAssetService.cs(233,27): warning SA1600: Elements should be documented
  Services\HostAssetService.cs(234,28): warning SA1600: Elements should be documented
  Services\HostAssetService.cs(235,28): warning SA1600: Elements should be documented
  Services\HostAssetService.cs(236,24): warning SA1600: Elements should be documented
  Services\HostAssetService.cs(237,24): warning SA1600: Elements should be documented
  Services\HostAssetService.cs(238,30): warning SA1600: Elements should be documented
  Services\HostAssetService.cs(239,28): warning SA1600: Elements should be documented
  Services\HostAssetService.cs(240,25): warning SA1600: Elements should be documented
  Services\HostAssetService.cs(241,26): warning SA1600: Elements should be documented
  Services\HostAssetService.cs(242,30): warning SA1600: Elements should be documented
  Services\HostAssetService.cs(243,30): warning SA1600: Elements should be documented
  Services\HostAssetService.cs(244,28): warning SA1600: Elements should be documented
  Services\HostAssetService.cs(245,28): warning SA1600: Elements should be documented
  Services\HostAssetService.cs(246,28): warning SA1600: Elements should be documented
  Services\HostSessionService.cs(19,16): warning SA1600: Elements should be documented
  Services\HostSessionService.cs(409,21): warning SA1600: Elements should be documented
  Services\HostSessionService.cs(410,20): warning SA1600: Elements should be documented
  Services\HostSessionService.cs(418,20): warning SA1600: Elements should be documented
  Services\HostSessionService.cs(419,20): warning SA1600: Elements should be documented
  Services\HostSessionService.cs(420,20): warning SA1600: Elements should be documented
  Services\HostSessionService.cs(421,23): warning SA1600: Elements should be documented
  Services\HostSessionService.cs(422,23): warning SA1600: Elements should be documented
  Services\HostSessionService.cs(423,23): warning SA1600: Elements should be documented
  Services\HostSessionStateService.cs(15,16): warning SA1600: Elements should be documented
  Services\HostSessionStateService.cs(130,20): warning SA1600: Elements should be documented
  Services\HostSessionStateService.cs(131,23): warning SA1600: Elements should be documented
  Services\HostSessionStateService.cs(132,23): warning SA1600: Elements should be documented
  Services\HostSessionStateService.cs(133,23): warning SA1600: Elements should be documented
  Services\HostSessionStateService.cs(134,23): warning SA1600: Elements should be documented
  Services\HostSessionStateService.cs(135,20): warning SA1600: Elements should be documented
  Services\HostSessionStateService.cs(136,25): warning SA1600: Elements should be documented
  Services\HostSessionStateService.cs(139,24): warning SA1600: Elements should be documented
  Services\HostSessionStateService.cs(140,24): warning SA1600: Elements should be documented
  Services\HostSessionStateService.cs(141,24): warning SA1600: Elements should be documented
  Services\HostSessionStateService.cs(142,24): warning SA1600: Elements should be documented
  Services\HostSessionStateService.cs(143,24): warning SA1600: Elements should be documented
  Services\HostSessionStateService.cs(144,21): warning SA1600: Elements should be documented
  Services\HostSessionStateService.cs(145,26): warning SA1600: Elements should be documented
  Services\SafeHtmlRenderingService.cs(16,16): warning SA1600: Elements should be documented
  Services\SecureTokenService.cs(9,14): warning SA1600: Elements should be documented
  Services\SecureTokenService.cs(16,12): warning SA1600: Elements should be documented
  Services\SecureTokenService.cs(22,61): warning SA1600: Elements should be documented
  Services\SecureTokenService.cs(49,37): warning SA1600: Elements should be documented
  Services\SecureTokenService.cs(138,37): warning SA1600: Elements should be documented
  Services\SecureTokenService.cs(146,29): warning SA1600: Elements should be documented
  Services\SessionStateService.cs(17,16): warning SA1600: Elements should be documented
  Services\SessionStateService.cs(28,24): warning SA1600: Elements should be documented
  Services\SessionStateService.cs(29,27): warning SA1600: Elements should be documented
  Services\SessionStateService.cs(30,27): warning SA1600: Elements should be documented
  Services\SessionStateService.cs(31,27): warning SA1600: Elements should be documented
  Services\SessionStateService.cs(32,30): warning SA1600: Elements should be documented
  Services\SessionStateService.cs(33,30): warning SA1600: Elements should be documented
  Services\SessionStateService.cs(34,24): warning SA1600: Elements should be documented
  Services\SessionStateService.cs(35,27): warning SA1600: Elements should be documented
  Services\SessionStateService.cs(36,29): warning SA1600: Elements should be documented
  Services\SimplifiedTokenService.cs(21,12): warning SA1600: Elements should be documented
  Services\UnifiedHtmlTransformService.cs(16,16): warning SA1600: Elements should be documented
  ViewModels\HostControlPanelViewModel.cs(11,24): warning SA1600: Elements should be documented
  ViewModels\HostControlPanelViewModel.cs(12,24): warning SA1600: Elements should be documented
  ViewModels\HostControlPanelViewModel.cs(13,24): warning SA1600: Elements should be documented
  ViewModels\HostControlPanelViewModel.cs(14,24): warning SA1600: Elements should be documented
  ViewModels\HostControlPanelViewModel.cs(15,24): warning SA1600: Elements should be documented
  ViewModels\HostControlPanelViewModel.cs(16,24): warning SA1600: Elements should be documented
  ViewModels\HostControlPanelViewModel.cs(17,36): warning SA1600: Elements should be documented
  ViewModels\HostControlPanelViewModel.cs(18,21): warning SA1600: Elements should be documented
  ViewModels\HostControlPanelViewModel.cs(21,24): warning SA1600: Elements should be documented
  ViewModels\HostControlPanelViewModel.cs(22,24): warning SA1600: Elements should be documented
  ViewModels\HostControlPanelViewModel.cs(23,24): warning SA1600: Elements should be documented
  ViewModels\HostControlPanelViewModel.cs(31,21): warning SA1600: Elements should be documented
  ViewModels\HostControlPanelViewModel.cs(32,23): warning SA1600: Elements should be documented
  ViewModels\HostControlPanelViewModel.cs(33,21): warning SA1600: Elements should be documented
  ViewModels\HostControlPanelViewModel.cs(34,20): warning SA1600: Elements should be documented
  ViewModels\HostControlPanelViewModel.cs(35,23): warning SA1600: Elements should be documented
  ViewModels\HostControlPanelViewModel.cs(36,23): warning SA1600: Elements should be documented
  ViewModels\HostControlPanelViewModel.cs(37,25): warning SA1600: Elements should be documented
  ViewModels\HostControlPanelViewModel.cs(46,20): warning SA1600: Elements should be documented
  ViewModels\HostControlPanelViewModel.cs(47,20): warning SA1600: Elements should be documented
  ViewModels\HostControlPanelViewModel.cs(48,20): warning SA1600: Elements should be documented
  ViewModels\HostControlPanelViewModel.cs(49,24): warning SA1600: Elements should be documented
  ViewModels\HostControlPanelViewModel.cs(50,24): warning SA1600: Elements should be documented
  ViewModels\HostControlPanelViewModel.cs(53,24): warning SA1600: Elements should be documented
  ViewModels\HostControlPanelViewModel.cs(54,26): warning SA1600: Elements should be documented
  ViewModels\HostControlPanelViewModel.cs(55,26): warning SA1600: Elements should be documented
  ViewModels\HostControlPanelViewModel.cs(56,21): warning SA1600: Elements should be documented
  ViewModels\HostControlPanelViewModel.cs(59,21): warning SA1600: Elements should be documented
  ViewModels\HostControlPanelViewModel.cs(60,24): warning SA1600: Elements should be documented
  ViewModels\HostControlPanelViewModel.cs(61,24): warning SA1600: Elements should be documented
  ViewModels\HostControlPanelViewModel.cs(62,24): warning SA1600: Elements should be documented
  ViewModels\HostControlPanelViewModel.cs(63,20): warning SA1600: Elements should be documented
  ViewModels\HostControlPanelViewModel.cs(64,21): warning SA1600: Elements should be documented
  ViewModels\HostControlPanelViewModel.cs(65,24): warning SA1600: Elements should be documented
  ViewModels\HostControlPanelViewModel.cs(66,26): warning SA1600: Elements should be documented
  ViewModels\HostControlPanelViewModel.cs(67,26): warning SA1600: Elements should be documented
  ViewModels\HostControlPanelViewModel.cs(68,26): warning SA1600: Elements should be documented
  ViewModels\HostControlPanelViewModel.cs(69,26): warning SA1600: Elements should be documented
  ViewModels\HostControlPanelViewModel.cs(72,21): warning SA1600: Elements should be documented
  ViewModels\HostControlPanelViewModel.cs(75,24): warning SA1600: Elements should be documented
  ViewModels\HostControlPanelViewModel.cs(76,24): warning SA1600: Elements should be documented
  ViewModels\HostControlPanelViewModel.cs(77,24): warning SA1600: Elements should be documented
  ViewModels\HostControlPanelViewModel.cs(85,24): warning SA1600: Elements should be documented
  ViewModels\HostControlPanelViewModel.cs(86,20): warning SA1600: Elements should be documented
  ViewModels\HostControlPanelViewModel.cs(87,21): warning SA1600: Elements should be documented
  ViewModels\HostControlPanelViewModel.cs(88,26): warning SA1600: Elements should be documented
  ViewModels\HostControlPanelViewModel.cs(96,21): warning SA1600: Elements should be documented
  ViewModels\HostControlPanelViewModel.cs(97,39): warning SA1600: Elements should be documented
  ViewModels\HostControlPanelViewModel.cs(98,20): warning SA1600: Elements should be documented
  ViewModels\HostControlPanelViewModel.cs(99,24): warning SA1600: Elements should be documented
  ViewModels\HostControlPanelViewModel.cs(107,24): warning SA1600: Elements should be documented
  ViewModels\HostControlPanelViewModel.cs(108,20): warning SA1600: Elements should be documented
  ViewModels\HostControlPanelViewModel.cs(109,24): warning SA1600: Elements should be documented
  ViewModels\HostControlPanelViewModel.cs(110,24): warning SA1600: Elements should be documented
  ViewModels\HostControlPanelViewModel.cs(111,24): warning SA1600: Elements should be documented
  ViewModels\HostControlPanelViewModel.cs(112,20): warning SA1600: Elements should be documented
  ViewModels\HostControlPanelViewModel.cs(113,21): warning SA1600: Elements should be documented
  ViewModels\HostControlPanelViewModel.cs(114,25): warning SA1600: Elements should be documented
  ViewModels\HostSessionOpenerViewModel.cs(12,24): warning SA1600: Elements should be documented
  ViewModels\HostSessionOpenerViewModel.cs(15,24): warning SA1600: Elements should be documented
  ViewModels\HostSessionOpenerViewModel.cs(19,24): warning SA1600: Elements should be documented
  ViewModels\HostSessionOpenerViewModel.cs(22,24): warning SA1600: Elements should be documented
  ViewModels\HostSessionOpenerViewModel.cs(25,24): warning SA1600: Elements should be documented
  ViewModels\HostSessionOpenerViewModel.cs(28,25): warning SA1600: Elements should be documented
  ViewModels\HostSessionOpenerViewModel.cs(31,23): warning SA1600: Elements should be documented
  ViewModels\HostSessionOpenerViewModel.cs(35,21): warning SA1600: Elements should be documented
  ViewModels\HostSessionOpenerViewModel.cs(38,23): warning SA1600: Elements should be documented
  ViewModels\HostSessionOpenerViewModel.cs(39,23): warning SA1600: Elements should be documented
  ViewModels\HostSessionOpenerViewModel.cs(40,21): warning SA1600: Elements should be documented
  ViewModels\HostSessionOpenerViewModel.cs(41,21): warning SA1600: Elements should be documented
  ViewModels\HostSessionOpenerViewModel.cs(44,21): warning SA1600: Elements should be documented
  ViewModels\HostSessionOpenerViewModel.cs(45,21): warning SA1600: Elements should be documented
  ViewModels\HostSessionOpenerViewModel.cs(46,21): warning SA1600: Elements should be documented
  ViewModels\HostSessionOpenerViewModel.cs(47,21): warning SA1600: Elements should be documented
  ViewModels\HostSessionOpenerViewModel.cs(50,21): warning SA1600: Elements should be documented
  ViewModels\HostSessionOpenerViewModel.cs(51,21): warning SA1600: Elements should be documented
  ViewModels\HostSessionOpenerViewModel.cs(52,23): warning SA1600: Elements should be documented
  ViewModels\HostSessionOpenerViewModel.cs(53,23): warning SA1600: Elements should be documented
  ViewModels\HostSessionOpenerViewModel.cs(56,21): warning SA1600: Elements should be documented
  Program.cs(488,22): warning SA1601: Partial elements should be documented
  Models\Debug\DebugModels.cs(43,9): warning SA1602: Enumeration items should be documented
  Models\Debug\DebugModels.cs(44,9): warning SA1602: Enumeration items should be documented
  Models\Debug\DebugModels.cs(45,9): warning SA1602: Enumeration items should be documented
  Services\ConfigurableLoadingService.cs(16,13): warning SA1602: Enumeration items should be documented
  Services\ConfigurableLoadingService.cs(17,13): warning SA1602: Enumeration items should be documented
  Services\ConfigurableLoadingService.cs(18,13): warning SA1602: Enumeration items should be documented
  Services\ConfigurableLoadingService.cs(19,13): warning SA1602: Enumeration items should be documented
  Services\ConfigurableLoadingService.cs(20,13): warning SA1602: Enumeration items should be documented
  Services\ConfigurableLoadingService.cs(25,13): warning SA1602: Enumeration items should be documented
  Services\ConfigurableLoadingService.cs(26,13): warning SA1602: Enumeration items should be documented
  Services\ConfigurableLoadingService.cs(27,13): warning SA1602: Enumeration items should be documented
  Controllers\AnnotationsController.cs(25,68): warning SA1611: The documentation for parameter 'sessionId' is missing
  Controllers\AnnotationsController.cs(60,94): warning SA1611: The documentation for parameter 'request' is missing
  Controllers\AnnotationsController.cs(103,61): warning SA1611: The documentation for parameter 'id' is missing
  Controllers\AnnotationsController.cs(136,64): warning SA1611: The documentation for parameter 'id' is missing
  Controllers\AnnotationsController.cs(136,103): warning SA1611: The documentation for parameter 'request' is missing
  Controllers\AnnotationsController.cs(175,64): warning SA1611: The documentation for parameter 'id' is missing
  Controllers\AnnotationsController.cs(175,87): warning SA1611: The documentation for parameter 'userId' is missing
  Controllers\AnnotationsController.cs(213,70): warning SA1611: The documentation for parameter 'sessionId' is missing
  Controllers\AnnotationsController.cs(213,100): warning SA1611: The documentation for parameter 'userId' is missing
  Controllers\HostController.cs(903,77): warning SA1611: The documentation for parameter 'hostToken' is missing
  Controllers\HostController.cs(952,73): warning SA1611: The documentation for parameter 'sessionId' is missing
  Controllers\HostController.cs(952,104): warning SA1611: The documentation for parameter 'hostToken' is missing
  Controllers\HostController.cs(1035,89): warning SA1611: The documentation for parameter 'countryCodes' is missing
  Controllers\HostController.cs(1103,51): warning SA1611: The documentation for parameter 'sessionId' is missing
  Controllers\HostController.cs(1103,82): warning SA1611: The documentation for parameter 'type' is missing
  Controllers\HostController.cs(1103,112): warning SA1611: The documentation for parameter 'sharedOnly' is missing
  Controllers\HostController.cs(1354,66): warning SA1611: The documentation for parameter 'hostToken' is missing
  Controllers\HostController.cs(1396,71): warning SA1611: The documentation for parameter 'sessionId' is missing
  Controllers\HostController.cs(1436,69): warning SA1611: The documentation for parameter 'hostToken' is missing
  Controllers\HostController.cs(1478,67): warning SA1611: The documentation for parameter 'hostToken' is missing
  Controllers\ParticipantController.cs(578,75): warning SA1611: The documentation for parameter 'userToken' is missing
  Controllers\SessionController.cs(28,63): warning SA1611: The documentation for parameter 'sessionId' is missing
  Controllers\SessionController.cs(108,61): warning SA1611: The documentation for parameter 'sessionId' is missing
  Controllers\SessionController.cs(169,71): warning SA1611: The documentation for parameter 'sessionGuid' is missing
  Controllers\TokenController.cs(25,59): warning SA1611: The documentation for parameter 'token' is missing
  Controllers\TokenController.cs(25,83): warning SA1611: The documentation for parameter 'isHost' is missing
  Controllers\TokenController.cs(119,60): warning SA1611: The documentation for parameter 'sessionId' is missing
  Controllers\TokenController.cs(119,87): warning SA1611: The documentation for parameter 'validHours' is missing
  Controllers\TokenController.cs(156,58): warning SA1611: The documentation for parameter 'sessionId' is missing
  Controllers\TokenController.cs(195,61): warning SA1611: The documentation for parameter 'userToken' is missing
  Extensions\DebugExtensions.cs(15,54): warning SA1611: The documentation for parameter 'source' is missing
  Extensions\DebugExtensions.cs(15,75): warning SA1611: The documentation for parameter 'debugService' is missing
  Extensions\DebugExtensions.cs(24,105): warning SA1611: The documentation for parameter 'component' is missing
  Extensions\DebugExtensions.cs(25,26): warning SA1611: The documentation for parameter 'debugService' is missing
  Extensions\DebugExtensions.cs(25,47): warning SA1611: The documentation for parameter 'lifecycleEvent' is missing
  Extensions\DebugExtensions.cs(25,71): warning SA1611: The documentation for parameter 'parameters' is missing
  Extensions\DebugExtensions.cs(33,85): warning SA1611: The documentation for parameter 'controller' is missing
  Extensions\DebugExtensions.cs(34,26): warning SA1611: The documentation for parameter 'debugService' is missing
  Extensions\DebugExtensions.cs(34,47): warning SA1611: The documentation for parameter 'actionName' is missing
  Extensions\DebugExtensions.cs(34,67): warning SA1611: The documentation for parameter 'parameters' is missing
  Extensions\DebugExtensions.cs(42,81): warning SA1611: The documentation for parameter 'hub' is missing
  Extensions\DebugExtensions.cs(43,26): warning SA1611: The documentation for parameter 'debugService' is missing
  Extensions\DebugExtensions.cs(43,47): warning SA1611: The documentation for parameter 'methodName' is missing
  Extensions\DebugExtensions.cs(43,67): warning SA1611: The documentation for parameter 'parameters' is missing
  Hubs\AnnotationHub.cs(43,43): warning SA1611: The documentation for parameter 'sessionId' is missing
  Hubs\AnnotationHub.cs(43,61): warning SA1611: The documentation for parameter 'userId' is missing
  Hubs\AnnotationHub.cs(78,44): warning SA1611: The documentation for parameter 'sessionId' is missing
  Hubs\AnnotationHub.cs(78,62): warning SA1611: The documentation for parameter 'userId' is missing
  Hubs\AnnotationHub.cs(103,51): warning SA1611: The documentation for parameter 'sessionId' is missing
  Hubs\AnnotationHub.cs(103,69): warning SA1611: The documentation for parameter 'userId' is missing
  Hubs\AnnotationHub.cs(103,84): warning SA1611: The documentation for parameter 'annotationData' is missing
  Hubs\AnnotationHub.cs(155,57): warning SA1611: The documentation for parameter 'sessionId' is missing
  Hubs\AnnotationHub.cs(155,73): warning SA1611: The documentation for parameter 'annotationId' is missing
  Hubs\AnnotationHub.cs(155,94): warning SA1611: The documentation for parameter 'userId' is missing
  Hubs\AnnotationHub.cs(155,109): warning SA1611: The documentation for parameter 'annotationData' is missing
  Hubs\AnnotationHub.cs(204,59): warning SA1611: The documentation for parameter 'sessionId' is missing
  Hubs\AnnotationHub.cs(204,75): warning SA1611: The documentation for parameter 'annotationId' is missing
  Hubs\AnnotationHub.cs(204,96): warning SA1611: The documentation for parameter 'userId' is missing
  Hubs\AnnotationHub.cs(252,57): warning SA1611: The documentation for parameter 'sessionId' is missing
  Hubs\AnnotationHub.cs(252,75): warning SA1611: The documentation for parameter 'userId' is missing
  Hubs\SessionHub.cs(35,63): warning SA1611: The documentation for parameter 'exception' is missing
  Hubs\SessionHub.cs(186,47): warning SA1611: The documentation for parameter 'sessionId' is missing
  Hubs\SessionHub.cs(186,65): warning SA1611: The documentation for parameter 'contentHtml' is missing
  Hubs\SessionHub.cs(214,57): warning SA1611: The documentation for parameter 'sessionId' is missing
  Hubs\SessionHub.cs(214,75): warning SA1611: The documentation for parameter 'sectionHtml' is missing
  Hubs\SessionHub.cs(214,95): warning SA1611: The documentation for parameter 'h2Text' is missing
  Hubs\SessionHub.cs(263,44): warning SA1611: The documentation for parameter 'sessionId' is missing
  Hubs\SessionHub.cs(297,45): warning SA1611: The documentation for parameter 'sessionId' is missing
  Hubs\SessionHub.cs(310,48): warning SA1611: The documentation for parameter 'sessionId' is missing
  Hubs\SessionHub.cs(310,66): warning SA1611: The documentation for parameter 'questionData' is missing
  Hubs\SessionHub.cs(349,50): warning SA1611: The documentation for parameter 'sessionId' is missing
  Hubs\SessionHub.cs(349,68): warning SA1611: The documentation for parameter 'voteData' is missing
  Hubs\SessionHub.cs(365,51): warning SA1611: The documentation for parameter 'sessionId' is missing
  Hubs\SessionHub.cs(365,66): warning SA1611: The documentation for parameter 'questionId' is missing
  Hubs\SessionHub.cs(405,39): warning SA1611: The documentation for parameter 'sessionId' is missing
  Hubs\SessionHub.cs(421,40): warning SA1611: The documentation for parameter 'groupName' is missing
  Hubs\SessionHub.cs(482,41): warning SA1611: The documentation for parameter 'groupName' is missing
  Hubs\SessionHub.cs(493,47): warning SA1611: The documentation for parameter 'sessionId' is missing
  Hubs\SessionHub.cs(505,49): warning SA1611: The documentation for parameter 'sessionId' is missing
  Hubs\SessionHub.cs(505,67): warning SA1611: The documentation for parameter 'sessionData' is missing
  Hubs\SessionHub.cs(527,44): warning SA1611: The documentation for parameter 'sessionId' is missing
  Hubs\SessionHub.cs(527,62): warning SA1611: The documentation for parameter 'htmlContent' is missing
  Hubs\SessionHub.cs(527,82): warning SA1611: The documentation for parameter 'contentType' is missing
  Hubs\SessionHub.cs(578,49): warning SA1611: The documentation for parameter 'sessionId' is missing
  Hubs\SessionHub.cs(578,67): warning SA1611: The documentation for parameter 'reason' is missing
  Hubs\SessionHub.cs(623,54): warning SA1611: The documentation for parameter 'sessionId' is missing
  Hubs\SessionHub.cs(623,72): warning SA1611: The documentation for parameter 'participantId' is missing
  Hubs\SessionHub.cs(623,94): warning SA1611: The documentation for parameter 'displayName' is missing
  Hubs\SessionHub.cs(623,115): warning SA1611: The documentation for parameter 'country' is missing
  Hubs\SessionHub.cs(623,133): warning SA1611: The documentation for parameter 'joinedAt' is missing
  Hubs\SessionHub.cs(647,52): warning SA1611: The documentation for parameter 'sessionId' is missing
  Hubs\SessionHub.cs(647,70): warning SA1611: The documentation for parameter 'participantId' is missing
  Hubs\SessionHub.cs(647,92): warning SA1611: The documentation for parameter 'displayName' is missing
  Hubs\SessionHub.cs(706,55): warning SA1611: The documentation for parameter 'userToken' is missing
  Hubs\SessionHub.cs(706,73): warning SA1611: The documentation for parameter 'participantData' is missing
  Middleware\DebugMiddleware.cs(100,87): warning SA1611: The documentation for parameter 'builder' is missing
  Models\Simplified\SessionAsset.cs(196,59): warning SA1611: The documentation for parameter 'asset' is missing
  Services\AssetDetectionService.cs(28,58): warning SA1611: The documentation for parameter 'sessionId' is missing
  Services\AssetDetectionService.cs(28,76): warning SA1611: The documentation for parameter 'transcriptHtml' is missing
  Services\AssetDetectionService.cs(436,65): warning SA1611: The documentation for parameter 'sessionId' is missing
  Services\AssetDetectorService.cs(25,73): warning SA1611: The documentation for parameter 'sessionId' is missing
  Services\AssetDetectorService.cs(25,91): warning SA1611: The documentation for parameter 'hostToken' is missing
  Services\AssetDetectorService.cs(62,60): warning SA1611: The documentation for parameter 'transcriptContent' is missing
  Services\AssetDetectorService.cs(62,94): warning SA1611: The documentation for parameter 'patterns' is missing
  Services\AssetHtmlProcessingService.cs(539,59): warning SA1611: The documentation for parameter 'htmlContent' is missing
  Services\DebugService.cs(60,37): warning SA1611: The documentation for parameter 'component' is missing
  Services\DebugService.cs(60,55): warning SA1611: The documentation for parameter 'action' is missing
  Services\DebugService.cs(60,71): warning SA1611: The documentation for parameter 'data' is missing
  Services\DebugService.cs(80,45): warning SA1611: The documentation for parameter 'component' is missing
  Services\DebugService.cs(80,63): warning SA1611: The documentation for parameter 'action' is missing
  Services\DebugService.cs(80,79): warning SA1611: The documentation for parameter 'data' is missing
  Services\DebugService.cs(80,100): warning SA1611: The documentation for parameter 'correlationId' is missing
  Services\DebugService.cs(105,50): warning SA1611: The documentation for parameter 'component' is missing
  Services\DebugService.cs(105,68): warning SA1611: The documentation for parameter 'message' is missing
  Services\DebugService.cs(105,85): warning SA1611: The documentation for parameter 'data' is missing
  Services\DebugService.cs(137,58): warning SA1611: The documentation for parameter 'component' is missing
  Services\DebugService.cs(137,76): warning SA1611: The documentation for parameter 'message' is missing
  Services\DebugService.cs(137,93): warning SA1611: The documentation for parameter 'data' is missing
  Services\DebugService.cs(137,113): warning SA1611: The documentation for parameter 'logLevel' is missing
  Services\DebugService.cs(172,43): warning SA1611: The documentation for parameter 'endpoint' is missing
  Services\DebugService.cs(172,60): warning SA1611: The documentation for parameter 'method' is missing
  Services\DebugService.cs(172,76): warning SA1611: The documentation for parameter 'requestData' is missing
  Services\DebugService.cs(172,104): warning SA1611: The documentation for parameter 'responseData' is missing
  Services\DebugService.cs(193,56): warning SA1611: The documentation for parameter 'componentName' is missing
  Services\DebugService.cs(193,78): warning SA1611: The documentation for parameter 'lifecycleEvent' is missing
  Services\DebugService.cs(193,102): warning SA1611: The documentation for parameter 'parameters' is missing
  Services\DebugService.cs(204,44): warning SA1611: The documentation for parameter 'hubName' is missing
  Services\DebugService.cs(204,60): warning SA1611: The documentation for parameter 'eventName' is missing
  Services\DebugService.cs(204,79): warning SA1611: The documentation for parameter 'eventData' is missing
  Services\DebugService.cs(214,49): warning SA1611: The documentation for parameter 'operation' is missing
  Services\DebugService.cs(214,67): warning SA1611: The documentation for parameter 'table' is missing
  Services\DebugService.cs(214,82): warning SA1611: The documentation for parameter 'parameters' is missing
  Services\DebugService.cs(214,111): warning SA1611: The documentation for parameter 'duration' is missing
  Services\DebugService.cs(232,49): warning SA1611: The documentation for parameter 'operation' is missing
  Services\DebugService.cs(232,69): warning SA1611: The documentation for parameter 'duration' is missing
  Services\DebugService.cs(232,87): warning SA1611: The documentation for parameter 'component' is missing
  Services\DebugService.cs(301,45): warning SA1611: The documentation for parameter 'operationName' is missing
  Services\DebugService.cs(301,68): warning SA1611: The documentation for parameter 'component' is missing
  Services\DebugService.cs(315,52): warning SA1611: The documentation for parameter 'component' is missing
  Services\Development\ITestDataService.cs(24,53): warning SA1611: The documentation for parameter 'countries' is missing
  Services\Development\ITestDataService.cs(30,101): warning SA1611: The documentation for parameter 'availableCountries' is missing
  Services\FlagService.cs(63,52): warning SA1611: The documentation for parameter 'countryIso2' is missing
  Services\FlagService.cs(95,48): warning SA1611: The documentation for parameter 'countryIso2' is missing
  Services\HostAssetService.cs(32,66): warning SA1611: The documentation for parameter 'sessionId' is missing
  Services\HostAssetService.cs(119,78): warning SA1611: The documentation for parameter 'sessionId' is missing
  Services\HostAssetService.cs(151,57): warning SA1611: The documentation for parameter 'sessionTranscript' is missing
  Services\HostAssetService.cs(151,83): warning SA1611: The documentation for parameter 'shareId' is missing
  Services\HostAssetService.cs(151,99): warning SA1611: The documentation for parameter 'assetType' is missing
  Services\HostAssetService.cs(151,114): warning SA1611: The documentation for parameter 'instanceNumber' is missing
  Services\HostSessionService.cs(33,47): warning SA1611: The documentation for parameter 'time' is missing
  Services\HostSessionService.cs(46,46): warning SA1611: The documentation for parameter 'timeInput' is missing
  Services\HostSessionService.cs(97,91): warning SA1611: The documentation for parameter 'hostToken' is missing
  Services\HostSessionService.cs(139,97): warning SA1611: The documentation for parameter 'albumId' is missing
  Services\HostSessionService.cs(139,114): warning SA1611: The documentation for parameter 'hostToken' is missing
  Services\HostSessionService.cs(178,72): warning SA1611: The documentation for parameter 'categoryId' is missing
  Services\HostSessionService.cs(178,92): warning SA1611: The documentation for parameter 'hostToken' is missing
  Services\HostSessionService.cs(216,115): warning SA1611: The documentation for parameter 'model' is missing
  Services\HostSessionService.cs(313,84): warning SA1611: The documentation for parameter 'token' is missing
  Services\HostSessionService.cs(355,77): warning SA1611: The documentation for parameter 'sessionId' is missing
  Services\HostSessionService.cs(355,95): warning SA1611: The documentation for parameter 'hostToken' is missing
  Services\HostSessionStateService.cs(27,76): warning SA1611: The documentation for parameter 'sessionState' is missing
  Services\HostSessionStateService.cs(67,79): warning SA1611: The documentation for parameter 'requestId' is missing
  Services\SafeHtmlRenderingService.cs(208,72): warning SA1611: The documentation for parameter 'htmlContent' is missing
  Services\SafeHtmlRenderingService.cs(208,89): warning SA1611: The documentation for parameter 'chunkSize' is missing
  Services\SecureTokenService.cs(169,57): warning SA1611: The documentation for parameter 'userToken' is missing
  Services\SessionStateService.cs(46,68): warning SA1611: The documentation for parameter 'sessionState' is missing
  Services\SimplifiedTokenService.cs(32,13): warning SA1611: The documentation for parameter 'sessionId' is missing
  Services\SimplifiedTokenService.cs(33,13): warning SA1611: The documentation for parameter 'validHours' is missing
  Services\SimplifiedTokenService.cs(34,17): warning SA1611: The documentation for parameter 'clientIp' is missing
  Services\SimplifiedTokenService.cs(60,59): warning SA1611: The documentation for parameter 'token' is missing
  Services\SimplifiedTokenService.cs(60,71): warning SA1611: The documentation for parameter 'isHostToken' is missing
  Services\SimplifiedTokenService.cs(124,63): warning SA1611: The documentation for parameter 'token' is missing
  Services\SimplifiedTokenService.cs(136,94): warning SA1611: The documentation for parameter 'sessionId' is missing
  Services\SimplifiedTokenService.cs(151,51): warning SA1611: The documentation for parameter 'sessionId' is missing
  Services\SimplifiedTokenService.cs(167,53): warning SA1611: The documentation for parameter 'sessionId' is missing
  Services\SimplifiedTokenService.cs(167,71): warning SA1611: The documentation for parameter 'annotationData' is missing
  Services\SimplifiedTokenService.cs(167,95): warning SA1611: The documentation for parameter 'userGuid' is missing
  Services\SimplifiedTokenService.cs(191,51): warning SA1611: The documentation for parameter 'sessionId' is missing
  Services\SimplifiedTokenService.cs(191,69): warning SA1611: The documentation for parameter 'questionData' is missing
  Services\SimplifiedTokenService.cs(191,91): warning SA1611: The documentation for parameter 'userGuid' is missing
  Services\SimplifiedTokenService.cs(215,59): warning SA1611: The documentation for parameter 'sessionId' is missing
  Services\SimplifiedTokenService.cs(215,77): warning SA1611: The documentation for parameter 'dataType' is missing
  Hubs\SessionHub.cs(186,18): warning SA1615: Element return value should be documented
  Hubs\SessionHub.cs(214,18): warning SA1615: Element return value should be documented
  Hubs\SessionHub.cs(405,18): warning SA1615: Element return value should be documented
  Controllers\HostController.cs(1101,13): warning SA1616: Element return value documentation should have text
  Extensions\DebugExtensions.cs(14,13): warning SA1616: Element return value documentation should have text
  Middleware\DebugMiddleware.cs(99,13): warning SA1616: Element return value documentation should have text
  Models\Simplified\SessionAsset.cs(195,9): warning SA1616: Element return value documentation should have text
  Services\AssetDetectorService.cs(61,9): warning SA1616: Element return value documentation should have text
  Services\AssetHtmlProcessingService.cs(529,13): warning SA1616: Element return value documentation should have text
  Services\AssetHtmlProcessingService.cs(538,13): warning SA1616: Element return value documentation should have text
  Services\ConfigurableLoadingService.cs(66,13): warning SA1616: Element return value documentation should have text
  Services\DebugService.cs(300,13): warning SA1616: Element return value documentation should have text
  Services\DebugService.cs(314,13): warning SA1616: Element return value documentation should have text
  Services\DebugService.cs(323,13): warning SA1616: Element return value documentation should have text
  Services\Development\ITestDataService.cs(11,13): warning SA1616: Element return value documentation should have text
  Services\Development\ITestDataService.cs(17,13): warning SA1616: Element return value documentation should have text
  Services\Development\ITestDataService.cs(23,13): warning SA1616: Element return value documentation should have text
  Services\Development\ITestDataService.cs(29,13): warning SA1616: Element return value documentation should have text
  Services\Development\ITestDataService.cs(35,13): warning SA1616: Element return value documentation should have text
  Services\FlagService.cs(62,13): warning SA1616: Element return value documentation should have text
  Services\FlagService.cs(94,13): warning SA1616: Element return value documentation should have text
  Services\HostSessionService.cs(32,13): warning SA1616: Element return value documentation should have text
  Services\HostSessionService.cs(45,13): warning SA1616: Element return value documentation should have text
  Services\HostSessionService.cs(59,13): warning SA1616: Element return value documentation should have text
  Services\SafeHtmlRenderingService.cs(207,13): warning SA1616: Element return value documentation should have text
  Services\SimplifiedTokenService.cs(215,52): warning SA1618: The documentation for type parameter 'T' is missing
  Hubs\SessionHub.cs(184,82): warning SA1629: Documentation text should end with a period
  Hubs\SessionHub.cs(212,75): warning SA1629: Documentation text should end with a period
  Hubs\SessionHub.cs(403,108): warning SA1629: Documentation text should end with a period
  Hubs\SessionHub.cs(596,116): warning SA1629: Documentation text should end with a period
  Services\UnifiedHtmlTransformService.cs(30,72): warning SA1629: Documentation text should end with a period
  Services\UnifiedHtmlTransformService.cs(31,66): warning SA1629: Documentation text should end with a period
  Services\UnifiedHtmlTransformService.cs(33,77): warning SA1629: Documentation text should end with a period
  Services\UnifiedHtmlTransformService.cs(104,75): warning SA1629: Documentation text should end with a period
  Services\UnifiedHtmlTransformService.cs(105,60): warning SA1629: Documentation text should end with a period
Analyzed project 'D:\PROJECTS\NOOR CANVAS\SPA\NoorCanvas\NoorCanvas.csproj' (in 21.1 s)

00:08.758 'Microsoft.CodeAnalysis.CSharp.Analyzers.MetaAnalyzers.CSharpDiagnosticAnalyzerApiUsageAnalyzer'
00:01.397 'StyleCop.Analyzers.ReadabilityRules.SA1121UseBuiltInTypeAlias'
00:00.986 'Microsoft.AspNetCore.Analyzers.Mvc.MvcAnalyzer'
00:00.945 'Microsoft.AspNetCore.Analyzers.RouteEmbeddedLanguage.RoutePatternAnalyzer'
00:00.640 'StyleCop.Analyzers.SpacingRules.SA1027UseTabsCorrectly'
00:00.512 'StyleCop.Analyzers.SpacingRules.SA1008OpeningParenthesisMustBeSpacedCorrectly'
00:00.405 'Roslynator.CSharp.Analysis.SimplifyNullableOfTAnalyzer'
00:00.392 'Microsoft.NetCore.CSharp.Analyzers.Runtime.CSharpDetectPreviewFeatureAnalyzer'
00:00.342 'StyleCop.Analyzers.ReadabilityRules.SA1120CommentsMustContainText'
00:00.341 'StyleCop.Analyzers.SpacingRules.SA1009ClosingParenthesisMustBeSpacedCorrectly'
00:00.329 'StyleCop.Analyzers.DocumentationRules.SA1606ElementDocumentationMustHaveSummaryText'
00:00.325 'Microsoft.EntityFrameworkCore.InternalUsageDiagnosticAnalyzer'
00:00.324 'StyleCop.Analyzers.DocumentationRules.SA1600ElementsMustBeDocumented'
00:00.323 'StyleCop.Analyzers.SpacingRules.SA1019MemberAccessSymbolsMustBeSpacedCorrectly'
00:00.320 'StyleCop.Analyzers.NamingRules.SA1300ElementMustBeginWithUpperCaseLetter'
00:00.319 'Roslynator.CSharp.Analysis.RemoveUnnecessaryElseAnalyzer'
00:00.314 'StyleCop.Analyzers.SpacingRules.SA1016OpeningAttributeBracketsMustBeSpacedCorrectly'
00:00.314 'StyleCop.Analyzers.SpacingRules.SA1006PreprocessorKeywordsMustNotBePrecededBySpace'
00:00.307 'Roslynator.CSharp.Analysis.InvocationExpressionAnalyzer'
00:00.306 'Microsoft.NetCore.Analyzers.InteropServices.PlatformCompatibilityAnalyzer'
00:00.304 'Roslynator.CSharp.Analysis.UnusedMember.UnusedMemberAnalyzer'
00:00.278 'StyleCop.Analyzers.SpacingRules.SA1013ClosingBracesMustBeSpacedCorrectly'
00:00.275 'Roslynator.CSharp.Analysis.MakeMemberReadOnly.MakeMemberReadOnlyAnalyzer'
00:00.274 'StyleCop.Analyzers.SpacingRules.SA1007OperatorKeywordMustBeFollowedBySpace'
00:00.273 'StyleCop.Analyzers.SpacingRules.SA1012OpeningBracesMustBeSpacedCorrectly'
00:00.267 'Roslynator.CSharp.Analysis.WhitespaceAnalyzer'
00:00.265 'StyleCop.Analyzers.ReadabilityRules.SA1141UseTupleSyntax'
00:00.263 'StyleCop.Analyzers.SpacingRules.SA1005SingleLineCommentsMustBeginWithSingleSpace'
00:00.255 'StyleCop.Analyzers.SpacingRules.SA1002SemicolonsMustBeSpacedCorrectly'
00:00.253 'Roslynator.CSharp.Analysis.ConvertCommentToDocumentationCommentAnalyzer'
00:00.245 'StyleCop.Analyzers.SpacingRules.SA1023DereferenceAndAccessOfSymbolsMustBeSpacedCorrectly'
00:00.240 'StyleCop.Analyzers.SpacingRules.SA1004DocumentationLinesMustBeginWithSingleSpace'
00:00.226 'StyleCop.Analyzers.SpacingRules.SA1015ClosingGenericBracketsMustBeSpacedCorrectly'
00:00.220 'Roslynator.CSharp.Analysis.UnusedParameter.UnusedParameterAnalyzer'
00:00.217 'Microsoft.NetCore.Analyzers.Performance.UseConcreteTypeAnalyzer'
00:00.215 'StyleCop.Analyzers.DocumentationRules.SA1612ElementParameterDocumentationMustMatchElementParameters'
00:00.214 'StyleCop.Analyzers.SpacingRules.SA1000KeywordsMustBeSpacedCorrectly'
00:00.214 'StyleCop.Analyzers.SpacingRules.SA1014OpeningGenericBracketsMustBeSpacedCorrectly'
00:00.208 'StyleCop.Analyzers.SpacingRules.SA1020IncrementDecrementSymbolsMustBeSpacedCorrectly'
00:00.206 'Roslynator.CSharp.Analysis.UseNameOfOperatorAnalyzer'
00:00.200 'StyleCop.Analyzers.SpacingRules.SA1022PositiveSignsMustBeSpacedCorrectly'
00:00.197 'StyleCop.Analyzers.SpacingRules.SA1011ClosingSquareBracketsMustBeSpacedCorrectly'
00:00.197 'StyleCop.Analyzers.SpacingRules.SA1021NegativeSignsMustBeSpacedCorrectly'
00:00.196 'StyleCop.Analyzers.LayoutRules.SA1507CodeMustNotContainMultipleBlankLinesInARow'
00:00.195 'StyleCop.Analyzers.DocumentationRules.SA1611ElementParametersMustBeDocumented'
00:00.192 'StyleCop.Analyzers.LayoutRules.SA1509OpeningBracesMustNotBePrecededByBlankLine'
00:00.186 'StyleCop.Analyzers.DocumentationRules.SA1629DocumentationTextMustEndWithAPeriod'
00:00.182 'StyleCop.Analyzers.MaintainabilityRules.SA1404CodeAnalysisSuppressionMustHaveJustification'
00:00.179 'StyleCop.Analyzers.ReadabilityRules.SA1110OpeningParenthesisMustBeOnDeclarationLine'
00:00.177 'Microsoft.NetCore.CSharp.Analyzers.Runtime.CSharpForwardCancellationTokenToInvocationsAnalyzer'
00:00.169 'Microsoft.NetCore.Analyzers.Runtime.LoggerMessageDefineAnalyzer'
00:00.168 'Microsoft.NetCore.Analyzers.Runtime.CallGCSuppressFinalizeCorrectlyAnalyzer'
00:00.166 'StyleCop.Analyzers.SpacingRules.SA1024ColonsMustBeSpacedCorrectly'
00:00.165 'Microsoft.CodeQuality.Analyzers.ApiDesignGuidelines.IdentifiersShouldDifferByMoreThanCaseAnalyzer'
00:00.165 'Roslynator.CSharp.Analysis.RemoveUnnecessaryBlankLineAnalyzer'
00:00.159 'StyleCop.Analyzers.SpacingRules.SA1001CommasMustBeSpacedCorrectly'
00:00.157 'StyleCop.Analyzers.SpacingRules.SA1010OpeningSquareBracketsMustBeSpacedCorrectly'
00:00.156 'StyleCop.Analyzers.DocumentationRules.SA1604ElementDocumentationMustHaveSummary'
00:00.152 'Microsoft.NetCore.Analyzers.Performance.PreferHashDataOverComputeHashAnalyzer'
00:00.151 'StyleCop.Analyzers.DocumentationRules.SA1625ElementDocumentationMustNotBeCopiedAndPasted'
00:00.151 'StyleCop.Analyzers.ReadabilityRules.SA1111ClosingParenthesisMustBeOnLineOfLastParameter'
00:00.141 'Microsoft.AspNetCore.Analyzers.RouteHandlers.RouteHandlerAnalyzer'
00:00.132 'StyleCop.Analyzers.SpacingRules.SA1017ClosingAttributeBracketsMustBeSpacedCorrectly'
00:00.131 'Microsoft.NetFramework.Analyzers.DoNotUseInsecureXSLTScriptExecutionAnalyzer'
00:00.128 'StyleCop.Analyzers.DocumentationRules.SA1614ElementParameterDocumentationMustHaveText'
00:00.122 'Microsoft.NetCore.Analyzers.Runtime.AvoidConstArraysAnalyzer'
00:00.121 'Microsoft.CodeAnalysis.CSharp.Analyzers.MetaAnalyzers.CSharpRegisterActionAnalyzer'
00:00.120 'StyleCop.Analyzers.DocumentationRules.PropertySummaryDocumentationAnalyzer'
00:00.117 'Microsoft.NetCore.Analyzers.Runtime.SpecifyIFormatProviderAnalyzer'
00:00.111 'Microsoft.CodeAnalysis.Analyzers.MetaAnalyzers.CompareSymbolsCorrectlyAnalyzer'
00:00.111 'Microsoft.NetCore.Analyzers.InteropServices.UseValidPlatformString'
00:00.109 'StyleCop.Analyzers.ReadabilityRules.SA1118ParameterMustNotSpanMultipleLines'
00:00.104 'Microsoft.CodeQuality.Analyzers.ApiDesignGuidelines.IdentifiersShouldNotHaveIncorrectSuffixAnalyzer'
00:00.103 'StyleCop.Analyzers.DocumentationRules.SA1608ElementDocumentationMustNotHaveDefaultSummary'
00:00.102 'StyleCop.Analyzers.NamingRules.SA1307AccessibleFieldsMustBeginWithUpperCaseLetter'
00:00.101 'StyleCop.Analyzers.DocumentationRules.SA1616ElementReturnValueDocumentationMustHaveText'
00:00.100 'StyleCop.Analyzers.SpacingRules.SA1003SymbolsMustBeSpacedCorrectly'
00:00.100 'Roslynator.CSharp.Analysis.CallExtensionMethodAsInstanceMethodAnalyzer'
00:00.100 'Microsoft.NetCore.Analyzers.Security.DoNotUseInsecureCryptographicAlgorithmsAnalyzer'
00:00.098 'Microsoft.CodeQuality.Analyzers.ApiDesignGuidelines.IdentifiersShouldNotContainTypeNames'
00:00.097 'Roslynator.CSharp.Analysis.SingleLineDocumentationCommentTriviaAnalyzer'
00:00.094 'Microsoft.CodeQuality.Analyzers.ApiDesignGuidelines.IdentifiersShouldNotMatchKeywordsAnalyzer'
00:00.093 'MudBlazor.Analyzers.MudComponentUnknownParametersAnalyzer'
00:00.092 'Roslynator.CSharp.Analysis.RemoveOriginalExceptionFromThrowStatementAnalyzer'
00:00.091 'Microsoft.CodeQuality.Analyzers.ApiDesignGuidelines.IdentifiersShouldHaveCorrectSuffixAnalyzer'
00:00.091 'StyleCop.Analyzers.DocumentationRules.SA1613ElementParameterDocumentationMustDeclareParameterName'
00:00.085 'Microsoft.CodeAnalysis.Analyzers.MetaAnalyzers.ClassIsNotDiagnosticAnalyzer'
00:00.085 'Roslynator.CSharp.CSharp.Analysis.RemoveRedundantCatchBlockAnalyzer'
00:00.080 'StyleCop.Analyzers.OrderingRules.SA1217UsingStaticDirectivesMustBeOrderedAlphabetically'
00:00.080 'Roslynator.CSharp.Analysis.IfStatementAnalyzer'
00:00.079 'Roslynator.CSharp.Analysis.UnnecessaryUnsafeContextAnalyzer'
00:00.078 'Roslynator.CSharp.Analysis.EnumSymbolAnalyzer'
00:00.076 'Microsoft.NetCore.Analyzers.Security.DoNotCallDangerousMethodsInDeserialization'
00:00.074 'StyleCop.Analyzers.ReadabilityRules.SA1142ReferToTupleElementsByName'
00:00.071 'Microsoft.NetCore.Analyzers.Runtime.SpecifyCultureInfoAnalyzer'
00:00.070 'Roslynator.CSharp.Analysis.ReturnTaskInsteadOfNull.ReturnCompletedTaskInsteadOfNullAnalyzer'
00:00.070 'Microsoft.CodeAnalysis.CSharp.Analyzers.CSharpImmutableObjectMethodAnalyzer'
00:00.068 'Roslynator.CSharp.Analysis.OrderNamedArgumentsAnalyzer'
00:00.068 'Roslynator.CSharp.Analysis.LambdaExpressionAnalyzer'
00:00.068 'Roslynator.CSharp.Analysis.UseAutoPropertyAnalyzer'
00:00.067 'StyleCop.Analyzers.ReadabilityRules.SA1114ParameterListMustFollowDeclaration'
00:00.067 'StyleCop.Analyzers.ReadabilityRules.SA1107CodeMustNotContainMultipleStatementsOnOneLine'
00:00.067 'Microsoft.NetCore.Analyzers.Security.DoNotUseDSA'
00:00.067 'Microsoft.AspNetCore.Analyzers.StartupAnalyzer'
00:00.066 'StyleCop.Analyzers.SpecialRules.SA0002InvalidSettingsFile'
00:00.065 'Roslynator.CSharp.Analysis.SimplifyLazyInitializationAnalyzer'
00:00.063 'StyleCop.Analyzers.ReadabilityRules.SA1112ClosingParenthesisMustBeOnLineOfOpeningParenthesis'
00:00.062 'StyleCop.Analyzers.DocumentationRules.SA1648InheritDocMustBeUsedWithInheritingClass'
00:00.060 'Microsoft.CodeQuality.Analyzers.ApiDesignGuidelines.IdentifiersShouldHaveCorrectPrefixAnalyzer'
00:00.059 'StyleCop.Analyzers.DocumentationRules.SA1615ElementReturnValueMustBeDocumented'
00:00.059 'Roslynator.CSharp.Analysis.RemoveEmptySyntaxAnalyzer'
00:00.057 'Roslynator.CSharp.Analysis.UseCompoundAssignmentAnalyzer'
00:00.056 'StyleCop.Analyzers.DocumentationRules.SA1618GenericTypeParametersMustBeDocumented'
00:00.056 'Microsoft.CodeQuality.Analyzers.ApiDesignGuidelines.ParameterNamesShouldMatchBaseDeclarationAnalyzer'
00:00.056 'Roslynator.CSharp.Analysis.InlineLocalVariableAnalyzer'
00:00.055 'StyleCop.Analyzers.ReadabilityRules.SA1115ParameterMustFollowComma'
00:00.054 'Microsoft.AspNetCore.Mvc.Analyzers.AttributesShouldNotBeAppliedToPageModelAnalyzer'
00:00.053 'Roslynator.CSharp.Analysis.UseForStatementInsteadOfWhileStatementAnalyzer'
00:00.053 'Microsoft.AspNetCore.Mvc.Analyzers.TopLevelParameterNameAnalyzer'
00:00.052 'Roslynator.CSharp.Analysis.MarkLocalVariableAsConst.LocalDeclarationStatementAnalyzer'
00:00.052 'Microsoft.AspNetCore.Analyzers.Http.HeaderDictionaryIndexerAnalyzer'
00:00.050 'StyleCop.Analyzers.ReadabilityRules.SA1106CodeMustNotContainEmptyStatements'
00:00.050 'Roslynator.CSharp.Analysis.AddParagraphToDocumentationCommentAnalyzer'
00:00.049 'Roslynator.CSharp.Analysis.RefReadOnlyParameterAnalyzer'
00:00.049 'Microsoft.Interop.Analyzers.ConvertToLibraryImportAnalyzer'
00:00.048 'Roslynator.CSharp.Analysis.UseAsyncAwaitAnalyzer'
00:00.047 'Microsoft.Extensions.Internal.ComponentInternalUsageDiagnosticAnalyzer'
00:00.047 'Roslynator.CSharp.Analysis.BinaryOperatorAnalyzer'
00:00.046 'Microsoft.NetCore.Analyzers.Runtime.ProvideCorrectArgumentsToFormattingMethodsAnalyzer'
00:00.044 'StyleCop.Analyzers.DocumentationRules.SA1601PartialElementsMustBeDocumented'
00:00.044 'StyleCop.Analyzers.SpacingRules.SA1018NullableTypeSymbolsMustNotBePrecededBySpace'
00:00.044 'Microsoft.NetCore.CSharp.Analyzers.Runtime.CSharpUseSpanBasedStringConcat'
00:00.043 'Microsoft.NetCore.CSharp.Analyzers.Runtime.CSharpSpecifyCultureForToLowerAndToUpperAnalyzer'
00:00.043 'Microsoft.NetCore.Analyzers.Performance.UseCountProperlyAnalyzer'
00:00.043 'Microsoft.NetCore.Analyzers.InteropServices.DisableRuntimeMarshallingAnalyzer'
00:00.043 'StyleCop.Analyzers.ReadabilityRules.SA1131UseReadableConditions'
00:00.042 'StyleCop.Analyzers.ReadabilityRules.SA1113CommaMustBeOnSameLineAsPreviousParameter'
00:00.042 'Roslynator.CSharp.Analysis.AsyncSuffixAnalyzer'
00:00.041 'Microsoft.Interop.Analyzers.RuntimeComApiUsageWithSourceGeneratedComAnalyzer'
00:00.041 'Roslynator.CSharp.Analysis.RemoveRedundantAssignmentAnalyzer'
00:00.041 'Microsoft.NetCore.CSharp.Analyzers.Performance.CSharpConstantExpectedAnalyzer'
00:00.041 'StyleCop.Analyzers.DocumentationRules.SA1619GenericTypeParametersMustBeDocumentedPartialClass'
00:00.039 'Microsoft.CodeQuality.Analyzers.ApiDesignGuidelines.CancellationTokenParametersMustComeLastAnalyzer'
00:00.038 'Microsoft.CodeQuality.Analyzers.QualityGuidelines.DoNotRaiseExceptionsInExceptionClausesAnalyzer'
00:00.037 'StyleCop.Analyzers.DocumentationRules.SA1607PartialElementDocumentationMustHaveSummaryText'
00:00.037 'Microsoft.NetCore.Analyzers.Runtime.DoNotUseEnumerableMethodsOnIndexableCollectionsInsteadUseTheCollectionDirectlyAnalyzer'
00:00.037 'Roslynator.CSharp.Analysis.UseRawStringLiteralAnalyzer'
00:00.036 'Microsoft.CodeQuality.Analyzers.ApiDesignGuidelines.IdentifiersShouldNotContainUnderscoresAnalyzer'
00:00.035 'Roslynator.CSharp.Analysis.MergeSwitchSectionsAnalyzer'
00:00.035 'Microsoft.NetCore.Analyzers.Performance.DoNotGuardSetAddOrRemoveByContains'
00:00.035 'StyleCop.Analyzers.MaintainabilityRules.SA1414TupleTypesInSignaturesShouldHaveElementNames'
00:00.035 'Microsoft.CodeQuality.Analyzers.ApiDesignGuidelines.TypesThatOwnDisposableFieldsShouldBeDisposableAnalyzer'
00:00.034 'StyleCop.Analyzers.DocumentationRules.SA1605PartialElementDocumentationMustHaveSummary'
00:00.034 'StyleCop.Analyzers.LayoutRules.SA1514ElementDocumentationHeaderMustBePrecededByBlankLine'
00:00.034 'Roslynator.CSharp.Analysis.UnnecessaryEnumFlagAnalyzer'
00:00.034 'StyleCop.Analyzers.OrderingRules.SA1214ReadonlyElementsMustAppearBeforeNonReadonlyElements'
00:00.033 'Roslynator.CSharp.Analysis.BooleanLiteralAnalyzer'
00:00.033 'Microsoft.NetCore.CSharp.Analyzers.Runtime.CSharpAvoidZeroLengthArrayAllocationsAnalyzer'
00:00.033 'Roslynator.CSharp.Analysis.UseConditionalAccessAnalyzer'
00:00.032 'StyleCop.Analyzers.DocumentationRules.SA1610PropertyDocumentationMustHaveValueText'
00:00.032 'Microsoft.CodeQuality.Analyzers.ApiDesignGuidelines.EquatableAnalyzer'
00:00.031 'Roslynator.CSharp.Analysis.NamedTypeSymbolAnalyzer'
00:00.031 'Microsoft.NetCore.Analyzers.Runtime.SpecifyStringComparisonAnalyzer'
00:00.031 'StyleCop.Analyzers.OrderingRules.SA1212PropertyAccessorsMustFollowOrder'
00:00.030 'Microsoft.NetCore.Analyzers.Performance.DoNotGuardDictionaryRemoveByContainsKey'
00:00.030 'Microsoft.NetCore.CSharp.Analyzers.Performance.CSharpUseSearchValuesAnalyzer'
00:00.030 'Roslynator.CSharp.Analysis.AddParenthesesWhenNecessaryAnalyzer'
00:00.030 'Roslynator.CSharp.Analysis.OverridingMemberShouldNotChangeParamsModifierAnalyzer'
00:00.030 'Microsoft.AspNetCore.Analyzers.WebApplicationBuilder.WebApplicationBuilderAnalyzer'
00:00.030 'Microsoft.Interop.Analyzers.CustomMarshallerAttributeAnalyzer'
00:00.030 'Microsoft.NetCore.Analyzers.Runtime.UseExceptionThrowHelpers'
00:00.028 'Roslynator.CSharp.Analysis.RemoveRedundantDelegateCreationAnalyzer'
00:00.028 'Microsoft.NetCore.CSharp.Analyzers.Usage.CSharpImplementGenericMathInterfacesCorrectly'
00:00.028 'Roslynator.CSharp.Analysis.StaticMemberInGenericTypeShouldUseTypeParameterAnalyzer'
00:00.028 'Microsoft.CodeQuality.Analyzers.QualityGuidelines.MarkMembersAsStaticAnalyzer'
00:00.028 'Roslynator.CSharp.Analysis.UseConstantInsteadOfFieldAnalyzer'
00:00.027 'StyleCop.Analyzers.ReadabilityRules.SA1134AttributesMustNotShareLine'
00:00.027 'Microsoft.CodeQuality.Analyzers.ApiDesignGuidelines.ProvideObsoleteAttributeMessageAnalyzer'
00:00.027 'Microsoft.NetCore.Analyzers.InteropServices.PInvokeDiagnosticAnalyzer'
00:00.026 'Microsoft.CodeAnalysis.Analyzers.FixAnalyzers.FixerWithFixAllAnalyzer'
00:00.026 'Microsoft.CodeAnalysis.Analyzers.MetaAnalyzers.DiagnosticDescriptorCreationAnalyzer'
00:00.026 'Microsoft.CodeQuality.Analyzers.ApiDesignGuidelines.CollectionsShouldImplementGenericInterfaceAnalyzer'
00:00.025 'Microsoft.NetCore.Analyzers.Runtime.PreferStringContainsOverIndexOfAnalyzer'
00:00.025 'Roslynator.CSharp.Analysis.InvalidArgumentNullCheckAnalyzer'
00:00.025 'Microsoft.NetCore.Analyzers.Security.SslProtocolsAnalyzer'
00:00.025 'Roslynator.CSharp.Analysis.MakeMethodExtensionMethodAnalyzer'
00:00.023 'Microsoft.NetCore.Analyzers.Security.UseRSAWithSufficientKeySize'
00:00.023 'Roslynator.CSharp.Analysis.RemoveRedundantCastAnalyzer'
00:00.023 'Microsoft.NetCore.Analyzers.Performance.PreferDictionaryTryMethodsOverContainsKeyGuardAnalyzer'
00:00.022 'Roslynator.CSharp.Analysis.AddBracesWhenMultilineAnalyzer'
00:00.022 'StyleCop.Analyzers.MaintainabilityRules.SA1405DebugAssertMustProvideMessageText'
00:00.021 'Roslynator.CSharp.Analysis.RemovePartialModifierFromTypeWithSinglePartAnalyzer'
00:00.021 'StyleCop.Analyzers.MaintainabilityRules.SA1400AccessModifierMustBeDeclared'
00:00.021 'Microsoft.CodeQuality.Analyzers.Maintainability.DoNotIgnoreMethodResultsAnalyzer'
00:00.021 'Roslynator.CSharp.Analysis.AddExceptionToDocumentationCommentAnalyzer'
00:00.020 'Microsoft.CodeQuality.Analyzers.ApiDesignGuidelines.DoNotHideBaseClassMethodsAnalyzer'
00:00.020 'Microsoft.Interop.Analyzers.ConvertComImportToGeneratedComInterfaceAnalyzer'
00:00.020 'Microsoft.NetCore.Analyzers.Performance.UseStartsWithInsteadOfIndexOfComparisonWithZero'
00:00.020 'StyleCop.Analyzers.ReadabilityRules.SA1129DoNotUseDefaultValueTypeConstructor'
00:00.020 'Roslynator.CSharp.Analysis.RemoveRedundantAutoPropertyInitializationAnalyzer'
00:00.020 'Microsoft.NetCore.Analyzers.Tasks.DoNotCreateTaskCompletionSourceWithWrongArguments'
00:00.020 'Roslynator.CSharp.Analysis.ConvertInterpolatedStringToConcatenationAnalyzer'
00:00.019 'Microsoft.NetCore.Analyzers.Tasks.DoNotUseConfigureAwaitWithSuppressThrowing'
00:00.019 'Microsoft.NetCore.Analyzers.Runtime.DisposeMethodsShouldCallBaseClassDispose'
00:00.018 'StyleCop.Analyzers.LayoutRules.SA1518UseLineEndingsCorrectlyAtEndOfFile'
00:00.018 'Roslynator.CSharp.Analysis.FileContainsNoCodeAnalyzer'
00:00.018 'Roslynator.CSharp.Analysis.SimplifyCodeBranchingAnalyzer'
00:00.017 'StyleCop.Analyzers.DocumentationRules.GenericTypeParameterDocumentationAnalyzer'
00:00.017 'Microsoft.NetCore.Analyzers.Performance.RecommendCaseInsensitiveStringComparisonAnalyzer'
00:00.017 'Roslynator.CSharp.Analysis.RemoveUnnecessaryCaseLabelAnalyzer'
00:00.017 'StyleCop.Analyzers.LayoutRules.SA1517CodeMustNotContainBlankLinesAtStartOfFile'
00:00.016 'Roslynator.CSharp.Analysis.RemoveRedundantOverridingMemberAnalyzer'
00:00.016 'StyleCop.Analyzers.OrderingRules.SA1206DeclarationKeywordsMustFollowOrder'
00:00.016 'Microsoft.Interop.Analyzers.AddGeneratedComClassAnalyzer'
00:00.016 'Roslynator.CSharp.Analysis.RemoveRedundantConstructorAnalyzer'
00:00.016 'Roslynator.CSharp.Analysis.SimplifyNullCheckAnalyzer'
00:00.016 'StyleCop.Analyzers.MaintainabilityRules.SA1119StatementMustNotUseUnnecessaryParenthesis'
00:00.016 'Microsoft.NetFramework.Analyzers.DoNotUseInsecureDtdProcessingAnalyzer'
00:00.016 'Microsoft.AspNetCore.Mvc.Analyzers.TagHelpersInCodeBlocksAnalyzer'
00:00.016 'Roslynator.CSharp.Analysis.UseStringIsNullOrEmptyMethodAnalyzer'
00:00.015 'Roslynator.CSharp.Analysis.ParameterNameDiffersFromBaseAnalyzer'
00:00.015 'Microsoft.CodeQuality.Analyzers.ApiDesignGuidelines.MarkAssembliesWithAttributesDiagnosticAnalyzer'
00:00.015 'Microsoft.NetCore.Analyzers.Performance.UseCompositeFormatAnalyzer'
00:00.015 'StyleCop.Analyzers.DocumentationRules.SA1617VoidReturnValueMustNotBeDocumented'
00:00.015 'StyleCop.Analyzers.OrderingRules.SA1207ProtectedMustComeBeforeInternal'
00:00.015 'StyleCop.Analyzers.DocumentationRules.SA1642ConstructorSummaryDocumentationMustBeginWithStandardText'
00:00.015 'Roslynator.CSharp.Analysis.UseStringLengthInsteadOfComparisonWithEmptyStringAnalyzer'
00:00.014 'Roslynator.CSharp.Analysis.UseUnaryOperatorInsteadOfAssignmentAnalyzer'
00:00.014 'Roslynator.CSharp.Analysis.MakeClassStaticAnalyzer'
00:00.014 'Roslynator.CSharp.Analysis.SimplifyConditionalExpressionAnalyzer'
00:00.014 'Microsoft.NetCore.CSharp.Analyzers.Resources.CSharpMarkAssembliesWithNeutralResourcesLanguageAnalyzer'
00:00.014 'StyleCop.Analyzers.LayoutRules.SA1519BracesMustNotBeOmittedFromMultiLineChildStatement'
00:00.014 'Microsoft.NetCore.Analyzers.Runtime.PreferAsSpanOverSubstring'
00:00.014 'Roslynator.CSharp.Analysis.AddBracesToIfElseWhenMultiLineAnalyzer'
00:00.014 'Microsoft.AspNetCore.Mvc.Analyzers.AvoidHtmlPartialAnalyzer'
00:00.013 'System.Text.RegularExpressions.Generator.UpgradeToGeneratedRegexAnalyzer'
00:00.013 'Microsoft.AspNetCore.Analyzers.Authorization.AddAuthorizationBuilderAnalyzer'
00:00.013 'Microsoft.NetCore.CSharp.Analyzers.Runtime.CSharpPreferDictionaryContainsMethods'
00:00.013 'Microsoft.NetCore.Analyzers.Performance.PreferLengthCountIsEmptyOverAnyAnalyzer'
00:00.013 'StyleCop.Analyzers.NamingRules.SA1312VariableNamesMustBeginWithLowerCaseLetter'
00:00.013 'Microsoft.CodeQuality.CSharp.Analyzers.Maintainability.CSharpUseNameofInPlaceOfStringAnalyzer'
00:00.013 'Microsoft.NetCore.Analyzers.Runtime.UseStringEqualsOverStringCompare'
00:00.013 'Microsoft.CodeAnalysis.Analyzers.MetaAnalyzers.DoNotUseCompilationGetSemanticModelAnalyzer'
00:00.012 'Microsoft.NetCore.Analyzers.Runtime.DoNotRaiseReservedExceptionTypesAnalyzer'
00:00.012 'StyleCop.Analyzers.LayoutRules.SA1506ElementDocumentationHeadersMustNotBeFollowedByBlankLine'
00:00.012 'Roslynator.CSharp.Analysis.JoinStringExpressionsAnalyzer'
00:00.012 'Microsoft.AspNetCore.Analyzers.Http.HeaderDictionaryAddAnalyzer'
00:00.012 'Microsoft.CodeQuality.CSharp.Analyzers.QualityGuidelines.CSharpDoNotInitializeUnnecessarilyAnalyzer'
00:00.012 'Microsoft.NetCore.Analyzers.Runtime.DoNotCallEnumerableCastOrOfTypeWithIncompatibleTypesAnalyzer'
00:00.012 'Roslynator.CSharp.Analysis.UnnecessaryAssignmentAnalyzer'
00:00.012 'StyleCop.Analyzers.ReadabilityRules.SA110xQueryClauses'
00:00.011 'Roslynator.CSharp.Analysis.RemoveRedundantStatementAnalyzer'
00:00.011 'Roslynator.CSharp.Analysis.UnnecessarySemicolonAtEndOfDeclarationAnalyzer'
00:00.011 'Microsoft.NetCore.Analyzers.Security.DoNotUseDeprecatedSecurityProtocols'
00:00.011 'Roslynator.CSharp.Analysis.UnnecessaryUsageOfVerbatimStringLiteralAnalyzer'
00:00.011 'Microsoft.NetCore.Analyzers.Runtime.UseThreadStaticCorrectly'
00:00.011 'Roslynator.CSharp.Analysis.SimplifyCoalesceExpressionAnalyzer'
00:00.011 'StyleCop.Analyzers.NamingRules.SA1306FieldNamesMustBeginWithLowerCaseLetter'
00:00.011 'Roslynator.CSharp.Analysis.UnnecessaryInterpolatedStringAnalyzer'
00:00.011 'Roslynator.CSharp.Analysis.UnnecessaryNullForgivingOperatorAnalyzer'
00:00.011 'Roslynator.CSharp.Analysis.UseCoalesceExpressionAnalyzer'
00:00.011 'StyleCop.Analyzers.NamingRules.SA1308VariableNamesMustNotBePrefixed'
00:00.011 'Roslynator.CSharp.Analysis.RequiredConfigOptionNotSetAnalyzer'
00:00.011 'Roslynator.CSharp.Analysis.RemoveRedundantFieldInitializationAnalyzer'
00:00.011 'Roslynator.CSharp.Analysis.RemoveRedundantDisposeOrCloseCallAnalyzer'
00:00.010 'Roslynator.CSharp.Analysis.RemoveEmptyFinallyClauseAnalyzer'
00:00.010 'Microsoft.CodeQuality.Analyzers.ApiDesignGuidelines.OverrideMethodsOnComparableTypesAnalyzer'
00:00.010 'StyleCop.Analyzers.NamingRules.SA1311StaticReadonlyFieldsMustBeginWithUpperCaseLetter'
00:00.010 'Microsoft.AspNetCore.Components.Analyzers.ComponentParameterUsageAnalyzer'
00:00.010 'StyleCop.Analyzers.ReadabilityRules.SA1100DoNotPrefixCallsWithBaseUnlessLocalImplementationExists'
00:00.010 'Roslynator.CSharp.Analysis.UnnecessaryExplicitUseOfEnumeratorAnalyzer'
00:00.010 'Roslynator.CSharp.Analysis.SimplifyLogicalNegationAnalyzer'
00:00.010 'Microsoft.Interop.Analyzers.NativeMarshallingAttributeAnalyzer'
00:00.010 'StyleCop.Analyzers.NamingRules.SA1304NonPrivateReadonlyFieldsMustBeginWithUpperCaseLetter'
00:00.010 'Roslynator.CSharp.Analysis.UseEnumFieldExplicitlyAnalyzer'
00:00.010 'Microsoft.CodeAnalysis.Analyzers.MetaAnalyzers.PreferIsKindAnalyzer'
00:00.010 'Roslynator.CSharp.Analysis.UseExceptionFilterAnalyzer'
00:00.010 'Microsoft.NetCore.Analyzers.Security.UseXmlReaderForValidatingReader'
00:00.010 'Microsoft.NetCore.Analyzers.Runtime.PreferStreamAsyncMemoryOverloads'
00:00.010 'Microsoft.NetCore.CSharp.Analyzers.Runtime.CSharpPreventNumericIntPtrUIntPtrBehavioralChanges'
00:00.010 'Roslynator.CSharp.Analysis.ValidateArgumentsCorrectlyAnalyzer'
00:00.009 'Microsoft.NetCore.Analyzers.InteropServices.AvoidStringBuilderPInvokeParametersAnalyzer'
00:00.009 'Microsoft.CodeQuality.Analyzers.QualityGuidelines.AvoidDuplicateElementInitialization'
00:00.009 'Microsoft.NetCore.Analyzers.InteropServices.DoNotUseOutAttributeStringPInvokeParametersAnalyzer'
00:00.009 'StyleCop.Analyzers.OrderingRules.SA1211UsingAliasDirectivesMustBeOrderedAlphabeticallyByAliasName'
00:00.009 'Microsoft.NetCore.CSharp.Analyzers.Runtime.CSharpUseOrdinalStringComparisonAnalyzer'
00:00.009 'StyleCop.Analyzers.NamingRules.SA1313ParameterNamesMustBeginWithLowerCaseLetter'
00:00.009 'Microsoft.CodeAnalysis.CSharp.Analyzers.MetaAnalyzers.CSharpReportDiagnosticAnalyzer'
00:00.009 'Microsoft.NetCore.Analyzers.ImmutableCollections.DoNotCallToImmutableCollectionOnAnImmutableCollectionValueAnalyzer'
00:00.009 'Microsoft.NetCore.Analyzers.Runtime.SealInternalTypes'
00:00.009 'StyleCop.Analyzers.LayoutRules.SA1504AllAccessorsMustBeSingleLineOrMultiLine'
00:00.009 'Roslynator.CSharp.Analysis.RemoveBracesAnalyzer'
00:00.009 'Roslynator.CSharp.Analysis.UnnecessaryNullCheckAnalyzer'
00:00.009 'Microsoft.NetCore.Analyzers.Performance.UseAsSpanInsteadOfRangeIndexerAnalyzer'
00:00.009 'Roslynator.CSharp.Analysis.UnconstrainedTypeParameterCheckedForNullAnalyzer'
00:00.009 'Microsoft.AspNetCore.Analyzers.RenderTreeBuilder.RenderTreeBuilderAnalyzer'
00:00.009 'Microsoft.CodeAnalysis.CSharp.NetAnalyzers.Microsoft.NetCore.Analyzers.Performance.CSharpUseStringMethodCharOverloadWithSingleCharacters'
00:00.008 'Roslynator.CSharp.Analysis.MergeIfWithNestedIfAnalyzer'
00:00.008 'Roslynator.CSharp.Analysis.ImplementExceptionConstructorsAnalyzer'
00:00.008 'Microsoft.NetCore.Analyzers.Security.DoNotUseObsoleteKDFAlgorithm'
00:00.008 'Roslynator.CSharp.Analysis.RemoveRedundantSealedModifierAnalyzer'
00:00.008 'Roslynator.CSharp.Analysis.MakeClassSealedAnalyzer'
00:00.008 'Microsoft.NetCore.Analyzers.Runtime.UseEnvironmentMembers'
00:00.008 'StyleCop.Analyzers.OrderingRules.SA1205PartialElementsMustDeclareAccess'
00:00.008 'Microsoft.NetCore.Analyzers.Runtime.InstantiateArgumentExceptionsCorrectlyAnalyzer'
00:00.008 'Microsoft.NetCore.Analyzers.Tasks.UseValueTasksCorrectlyAnalyzer'
00:00.008 'Roslynator.CSharp.Analysis.RemoveUnnecessaryBracesAnalyzer'
00:00.008 'StyleCop.Analyzers.ReadabilityRules.SA1139UseLiteralSuffixNotationInsteadOfCasting'
00:00.008 'Roslynator.CSharp.Analysis.OrderTypeParameterConstraintsAnalyzer'
00:00.008 'Microsoft.NetCore.Analyzers.Tasks.DoNotUseWhenAllOrWaitAllWithSingleArgument'
00:00.008 'Microsoft.CodeQuality.Analyzers.ApiDesignGuidelines.DoNotPrefixEnumValuesWithTypeNameAnalyzer'
00:00.007 'Roslynator.CSharp.Analysis.DuplicateWordInCommentAnalyzer'
00:00.007 'Microsoft.AspNetCore.Analyzers.Http.RequestDelegateReturnTypeAnalyzer'
00:00.007 'Roslynator.CSharp.Analysis.UnnecessaryRawStringLiteralAnalyzer'
00:00.007 'Microsoft.NetCore.Analyzers.Security.UseXmlReaderForDataSetReadXml'
00:00.007 'Microsoft.NetCore.Analyzers.Runtime.PreferTypedStringBuilderAppendOverloads'
00:00.007 'Microsoft.NetCore.Analyzers.Usage.ProvideCorrectArgumentToEnumHasFlag'
00:00.007 'Roslynator.CSharp.Analysis.RemoveUnnecessaryBracesInSwitchSectionAnalyzer'
00:00.007 'Roslynator.CSharp.Analysis.NormalizeFormatOfEnumFlagValueAnalyzer'
00:00.007 'StyleCop.Analyzers.DocumentationRules.SA1602EnumerationItemsMustBeDocumented'
00:00.007 'Microsoft.NetCore.Analyzers.Performance.UseStringContainsCharOverloadWithSingleCharactersAnalyzer'
00:00.007 'Roslynator.CSharp.Analysis.DisposeResourceAsynchronouslyAnalyzer'
00:00.007 'StyleCop.Analyzers.LayoutRules.SA1520UseBracesConsistently'
00:00.007 'Roslynator.CSharp.Analysis.UseAttributeUsageAttributeAnalyzer'
00:00.007 'Roslynator.CSharp.Analysis.MergeElseWithNestedIfAnalyzer'
00:00.007 'StyleCop.Analyzers.MaintainabilityRules.SA1408ConditionalExpressionsMustDeclarePrecedence'
00:00.007 'Microsoft.NetCore.Analyzers.Performance.CSharpUseSpanClearInsteadOfFillAnalyzer'
00:00.007 'Roslynator.CSharp.Analysis.RemoveRedundantDefaultSwitchSectionAnalyzer'
00:00.006 'StyleCop.Analyzers.LayoutRules.SA1510ChainedStatementBlocksMustNotBePrecededByBlankLine'
00:00.006 'Roslynator.CSharp.Analysis.UsePatternMatching.UsePatternMatchingInsteadOfIsAndCastAnalyzer'
00:00.006 'Microsoft.NetCore.Analyzers.Security.DoNotUseXslTransform'
00:00.006 'Microsoft.NetCore.Analyzers.Security.DoNotAddSchemaByURL'
00:00.006 'Microsoft.AspNetCore.Components.Analyzers.ComponentParameterAnalyzer'
00:00.006 'Microsoft.EntityFrameworkCore.InterpolatedStringUsageInRawQueriesDiagnosticAnalyzer'
00:00.006 'Microsoft.Interop.Analyzers.GeneratedComInterfaceAttributeAnalyzer'
00:00.006 'StyleCop.Analyzers.DocumentationRules.SA1627DocumentationTextMustNotBeEmpty'
00:00.006 'Roslynator.CSharp.Analysis.ValueTypeObjectIsNeverEqualToNullAnalyzer'
00:00.006 'Roslynator.CSharp.Analysis.AddStaticModifierToAllPartialClassDeclarationsAnalyzer'
00:00.006 'Roslynator.CSharp.Analysis.RemoveRedundantBaseInterfaceAnalyzer'
00:00.006 'Roslynator.CSharp.Analysis.SimplifyNestedUsingStatementAnalyzer'
00:00.006 'Microsoft.NetCore.Analyzers.Runtime.BufferBlockCopyLengthAnalyzer'
00:00.006 'Microsoft.NetCore.Analyzers.Security.UseXmlReaderForDeserialize'
00:00.006 'Microsoft.NetCore.Analyzers.InteropServices.DynamicInterfaceCastableImplementationAnalyzer'
00:00.006 'Microsoft.NetCore.Analyzers.Security.DoNotUseWeakKDFAlgorithm'
00:00.006 'Microsoft.NetCore.Analyzers.Security.UseXmlReaderForSchemaRead'
00:00.005 'Microsoft.CodeAnalysis.Analyzers.MetaAnalyzers.ConfigureGeneratedCodeAnalysisAnalyzer'
00:00.005 'Microsoft.NetCore.Analyzers.Runtime.PreferConstCharOverConstUnitStringAnalyzer'
00:00.005 'Microsoft.NetCore.Analyzers.Security.UseXmlReaderForXPathDocument'
00:00.005 'Roslynator.CSharp.Analysis.EnumShouldDeclareExplicitValuesAnalyzer'
00:00.005 'Microsoft.CodeQuality.Analyzers.ApiDesignGuidelines.EnumShouldNotHaveDuplicatedValues'
00:00.005 'Microsoft.NetCore.Analyzers.Runtime.DoNotUseReferenceEqualsWithValueTypesAnalyzer'
00:00.005 'Microsoft.NetCore.Analyzers.Runtime.DoNotDefineFinalizersForTypesDerivedFromMemoryManager'
00:00.005 'StyleCop.Analyzers.ReadabilityRules.SA1136EnumValuesShouldBeOnSeparateLines'
00:00.005 'StyleCop.Analyzers.DocumentationRules.SA1651DoNotUsePlaceholderElements'
00:00.005 'Roslynator.CSharp.Analysis.DeclareTypeInsideNamespaceAnalyzer'
00:00.005 'StyleCop.Analyzers.ReadabilityRules.SA1135UsingDirectivesMustBeQualified'
00:00.005 'Roslynator.CSharp.Analysis.AbstractTypeShouldNotHavePublicConstructorsAnalyzer'
00:00.005 'Roslynator.CSharp.Analysis.RemoveRedundantAsyncAwaitAnalyzer'
00:00.005 'Microsoft.NetCore.Analyzers.Performance.AvoidSingleUseOfLocalJsonSerializerOptions'
00:00.005 'Microsoft.CodeAnalysis.Analyzers.MetaAnalyzers.DiagnosticAnalyzerAttributeAnalyzer'
00:00.005 'StyleCop.Analyzers.OrderingRules.SA1209UsingAliasDirectivesMustBePlacedAfterOtherUsingDirectives'
00:00.005 'Microsoft.NetCore.Analyzers.Runtime.UseCancellationTokenThrowIfCancellationRequested'
00:00.004 'Roslynator.CSharp.Analysis.UseIsOperatorInsteadOfAsOperatorAnalyzer'
00:00.004 'StyleCop.Analyzers.DocumentationRules.SA1626SingleLineCommentsMustNotUseDocumentationStyleSlashes'
00:00.004 'Roslynator.CSharp.Analysis.RemoveRedundantParenthesesAnalyzer'
00:00.004 'Microsoft.CodeAnalysis.Analyzers.InternalImplementationOnlyAnalyzer'
00:00.004 'Roslynator.CSharp.Analysis.AnalyzerOptionIsObsoleteAnalyzer'
00:00.004 'Roslynator.CSharp.Analysis.UseEventArgsEmptyAnalyzer'
00:00.004 'Roslynator.CSharp.Analysis.AvoidEmptyCatchClauseThatCatchesSystemExceptionAnalyzer'
00:00.004 'Microsoft.NetCore.Analyzers.Runtime.ProvideStreamMemoryBasedAsyncOverrides'
00:00.004 'Roslynator.CSharp.Analysis.RemoveRedundantBaseConstructorCallAnalyzer'
00:00.004 'Microsoft.NetCore.Analyzers.Security.DoNotDisableCertificateValidation'
00:00.004 'StyleCop.Analyzers.OrderingRules.SA1216UsingStaticDirectivesMustBePlacedAtTheCorrectLocation'
00:00.004 'Roslynator.CSharp.Analysis.SortEnumMembersAnalyzer'
00:00.003 'Microsoft.CodeAnalysis.Analyzers.MetaAnalyzers.EnableConcurrentExecutionAnalyzer'
00:00.003 'Roslynator.CSharp.Analysis.BitwiseOperatorAnalyzer'
00:00.003 'Microsoft.NetCore.Analyzers.InteropServices.ProvidePublicParameterlessSafeHandleConstructorAnalyzer'
00:00.003 'Roslynator.CSharp.CSharp.Analysis.SimplifyNumericComparisonAnalyzer'
00:00.003 'Microsoft.CodeQuality.Analyzers.QualityGuidelines.AssigningSymbolAndItsMemberInSameStatement'
00:00.003 'StyleCop.Analyzers.MaintainabilityRules.SA1407ArithmeticExpressionsMustDeclarePrecedence'
00:00.003 'Roslynator.CSharp.Analysis.UnnecessaryInterpolationAnalyzer'
00:00.003 'Microsoft.CodeQuality.Analyzers.ApiDesignGuidelines.MarkAttributesWithAttributeUsageAnalyzer'
00:00.003 'Microsoft.CodeQuality.Analyzers.ApiDesignGuidelines.DoNotDeclareVisibleInstanceFieldsAnalyzer'
00:00.003 'Roslynator.CSharp.Analysis.RemoveEnumDefaultUnderlyingTypeAnalyzer'
00:00.003 'Roslynator.CSharp.Analysis.UseExclusiveOrOperatorAnalyzer'
00:00.003 'Microsoft.CodeQuality.Analyzers.QualityGuidelines.AvoidInfiniteRecursion'
00:00.003 'StyleCop.Analyzers.ReadabilityRules.SA1132DoNotCombineFields'
00:00.003 'Roslynator.CSharp.Analysis.UseGenericEventHandlerAnalyzer'
00:00.003 'Roslynator.CSharp.Analysis.DefaultLabelShouldBeLastLabelInSwitchSectionAnalyzer'
00:00.003 'Microsoft.CodeAnalysis.CSharp.Analyzers.MetaAnalyzers.CSharpDiagnosticAnalyzerFieldsAnalyzer'
00:00.003 'StyleCop.Analyzers.NamingRules.SA1303ConstFieldNamesMustBeginWithUpperCaseLetter'
00:00.003 'Microsoft.NetCore.Analyzers.Runtime.TestForNaNCorrectlyAnalyzer'
00:00.002 'Microsoft.CodeQuality.Analyzers.ApiDesignGuidelines.DoNotDeclareStaticMembersOnGenericTypesAnalyzer'
00:00.002 'StyleCop.Analyzers.MaintainabilityRules.SA1403FileMayOnlyContainASingleNamespace'
00:00.002 'Microsoft.CodeQuality.Analyzers.QualityGuidelines.RemoveEmptyFinalizersAnalyzer'
00:00.002 'Microsoft.CodeQuality.Analyzers.QualityGuidelines.AvoidPropertySelfAssignment'
00:00.002 'Roslynator.CSharp.Analysis.ConstantValuesShouldBePlacedOnRightSideOfComparisonsAnalyzer'
00:00.002 'StyleCop.Analyzers.ReadabilityRules.SA1125UseShorthandForNullableTypes'
00:00.002 'Roslynator.CSharp.Analysis.AvoidUsageOfDoStatementToCreateInfiniteLoopAnalyzer'
00:00.002 'Microsoft.NetCore.Analyzers.Security.DoNotUseInsecureDeserializerBinaryFormatterWithoutBinder'
00:00.002 'Roslynator.CSharp.Analysis.AvoidLockingOnPubliclyAccessibleInstanceAnalyzer'
00:00.002 'Microsoft.CodeQuality.Analyzers.ApiDesignGuidelines.DeclareTypesInNamespacesAnalyzer'
00:00.002 'Roslynator.CSharp.Analysis.UseShortCircuitingOperatorAnalyzer'
00:00.002 'Roslynator.CSharp.Analysis.ConditionalExpressionAnalyzer'
00:00.002 'Microsoft.CodeAnalysis.CSharp.Analyzers.CSharpUpgradeMSBuildWorkspaceAnalyzer'
00:00.002 'Microsoft.NetCore.Analyzers.Security.DoNotUseInsecureDeserializerNetDataContractSerializerWithoutBinder'
00:00.002 'StyleCop.Analyzers.MaintainabilityRules.SA1406DebugFailMustProvideMessageText'
00:00.002 'Microsoft.NetFramework.Analyzers.MarkVerbHandlersWithValidateAntiforgeryTokenAnalyzer'
00:00.001 'Roslynator.CSharp.Analysis.AttributeArgumentListAnalyzer'
00:00.001 'Microsoft.Interop.Analyzers.ComHostingDoesNotSupportGeneratedComInterfaceAnalyzer'
00:00.001 'Roslynator.CSharp.Analysis.RemoveBracesFromIfElseAnalyzer'
00:00.001 'StyleCop.Analyzers.MaintainabilityRules.SA1401FieldsMustBePrivate'
00:00.001 'StyleCop.Analyzers.SpacingRules.SA1026CodeMustNotContainSpaceAfterNewKeywordInImplicitlyTypedArrayAllocation'
00:00.001 'Microsoft.NetCore.Analyzers.Security.SetViewStateUserKey'
00:00.001 'StyleCop.Analyzers.NamingRules.SA1314TypeParameterNamesMustBeginWithT'
00:00.001 'Microsoft.NetCore.Analyzers.Security.ReviewCodeForDllInjectionVulnerabilities'
00:00.001 'Microsoft.NetFramework.Analyzers.DoNotUseInsecureDtdProcessingInApiDesignAnalyzer'
00:00.001 'Roslynator.CSharp.Analysis.UsePatternMatching.UsePatternMatchingInsteadOfAsAndNullCheckAnalyzer'
00:00.001 'Microsoft.NetCore.Analyzers.Security.DoNotUseDataTableReadXml'
00:00.001 'Microsoft.NetCore.Analyzers.Security.DoNotAddArchiveItemPathToTheTargetFileSystemPath'
00:00.001 'Microsoft.NetCore.Analyzers.Security.ReviewCodeForXamlInjectionVulnerabilities'
00:00.001 'StyleCop.Analyzers.LayoutRules.SA1511WhileDoFooterMustNotBePrecededByBlankLine'
00:00.001 'StyleCop.Analyzers.NamingRules.SA1302InterfaceNamesMustBeginWithI'
00:00.001 'Microsoft.CodeQuality.Analyzers.ApiDesignGuidelines.OverloadOperatorEqualsOnOverridingValueTypeEqualsAnalyzer'
00:00.001 'Microsoft.NetCore.Analyzers.Security.ReviewCodeForXmlInjectionVulnerabilities'
00:00.001 'StyleCop.Analyzers.MaintainabilityRules.SA1411AttributeConstructorMustNotUseUnnecessaryParenthesis'
00:00.001 'Microsoft.NetCore.Analyzers.Security.ReviewCodeForXssVulnerabilities'
00:00.001 'Microsoft.NetCore.Analyzers.Security.ReviewCodeForXPathInjectionVulnerabilities'
00:00.001 'Microsoft.NetCore.Analyzers.Security.DoNotDisableHTTPHeaderChecking'
00:00.001 'Roslynator.CSharp.Analysis.AnonymousMethodAnalyzer'
00:00.001 'Microsoft.NetCore.Analyzers.Security.ReviewCodeForCommandExecutionVulnerabilities'
00:00.001 'Microsoft.CodeQuality.Analyzers.QualityGuidelines.RethrowToPreserveStackDetailsAnalyzer'
00:00.001 'Microsoft.CodeQuality.Analyzers.QualityGuidelines.DoNotDeclareEventFieldsAsVirtual'
00:00.001 'Roslynator.CSharp.Analysis.DefaultExpressionAnalyzer'
00:00.001 'Microsoft.NetCore.Analyzers.Security.DoNotUseInsecureDeserializerObjectStateFormatter'
00:00.001 'Microsoft.NetCore.Analyzers.Security.DoNotDisableRequestValidation'
00:00.001 'Roslynator.CSharp.Analysis.RemoveRedundantAsOperatorAnalyzer'
00:00.001 'Microsoft.NetCore.Analyzers.Runtime.ModuleInitializerAttributeShouldNotBeUsedInLibraries'
00:00.001 'Microsoft.CodeQuality.Analyzers.ApiDesignGuidelines.NonConstantFieldsShouldNotBeVisibleAnalyzer'
00:00.001 'Microsoft.NetCore.Analyzers.Security.DoNotHardCodeEncryptionKey'
00:00.001 'Microsoft.NetCore.Analyzers.Security.ReviewCodeForSqlInjectionVulnerabilities'
00:00.001 'StyleCop.Analyzers.DocumentationRules.SA1643DestructorSummaryDocumentationMustBeginWithStandardText'
00:00.001 'Microsoft.NetCore.Analyzers.Security.ReviewCodeForRegexInjectionVulnerabilities'

   6 ASP0015 Suggest using IHeaderDictionary properties
   1 ASP0018 Unused route parameter
   1 CA1816  Dispose methods should call SuppressFinalize
  15 CA1845  Use span-based 'string.Concat'
   9 CA1854  Prefer the 'IDictionary.TryGetValue(TKey, out TValue)' method
  14 CA1860  Avoid using 'Enumerable.Any()' extension method
  26 CA1861  Avoid constant arrays as arguments
   3 CA1866  Use char overload
  12 CA1869  Cache and reuse 'JsonSerializerOptions' instances
   2 CA2254  Template should be a static expression
   3 CS0019  
  10 CS0103  
   1 CS0234  
   6 CS0246  
   3 CS1061  
  25 CS8618  Non-nullable field must contain a non-null value when exiting constructor. Consider adding the 'required' modifier or declaring as nullable.
   7 RCS1021 Convert lambda expression body to expression body
   1 RCS1033 Remove redundant boolean literal
   7 RCS1036 Remove unnecessary blank line
 203 RCS1037 Remove trailing white-space
   6 RCS1077 Optimize LINQ method call
   1 RCS1085 Use auto-implemented property
   1 RCS1093 File contains no code
   2 RCS1097 Remove redundant 'ToString' call
   3 RCS1104 Simplify conditional expression
  11 RCS1118 Mark local variable as const
   4 RCS1146 Use conditional access
   6 RCS1163 Unused parameter
   1 RCS1187 Use constant instead of field
   6 RCS1192 Unnecessary usage of verbatim string literal
   1 RCS1199 Unnecessary null check
 129 RCS1205 Order named arguments according to the order of parameters
   2 RCS1212 Remove redundant assignment
   3 RCS1213 Remove unused member declaration
   4 RCS1214 Unnecessary interpolated string
   1 RCS1239 Use 'for' statement instead of 'while' statement
   1 RCS1251 Remove unnecessary braces from record declaration
   2 RCS1259 Remove empty syntax
   2 RCS1266 Use raw string literal
   5 SA1514  Element documentation header should be preceded by blank line
 961 SA1600  Elements should be documented
   1 SA1601  Partial elements should be documented
  11 SA1602  Enumeration items should be documented
 182 SA1611  Element parameters should be documented
   3 SA1615  Element return value should be documented
  22 SA1616  Element return value documentation should have text
   1 SA1618  Generic type parameters should be documented
   9 SA1629  Documentation text should end with a period

1736 diagnostics found
